Media Source,Date,Tweet Text,Compound,Positive,Negative,Neutral,Tweets Ago
@BBCNews,Sun Jun 10 06:56:26 +0000 2018,Arkady Babchenko: Fake Ukrainian killer details plot https://t.co/V752HtaGsi,-0.8126,0.0,0.448,0.552,1
@BBCNews,Sun Jun 10 05:48:49 +0000 2018,Canadian Grand Prix: All you need to know https://t.co/qBNmxJC3mO,0.4588,0.273,0.727,0.0,2
@BBCNews,Sun Jun 10 05:48:49 +0000 2018,French Open 2018: Rafael Nadal says he needs to be at his best to win 11th Roland Garros https://t.co/2rXAWReLiM,0.8402,0.32,0.68,0.0,3
@BBCNews,Sun Jun 10 05:48:49 +0000 2018,50 Great World Cup moments: England win in 1966 https://t.co/yyZ1REKjzi,0.836,0.497,0.503,0.0,4
@BBCNews,Sun Jun 10 04:44:19 +0000 2018,Brexit; Amber Rudd urges rebels to back PM in EU vote https://t.co/Q5Asu95NsG,-0.2023,0.0,0.859,0.141,5
@BBCNews,Sun Jun 10 03:56:06 +0000 2018,Deadly stabbing on Japan bullet train https://t.co/MNzzyhMyPJ,0.0,0.0,1.0,0.0,6
@BBCNews,Sun Jun 10 03:23:44 +0000 2018,https://t.co/oTJC9wPcai 'downplayed Russian links' https://t.co/QKk4zjmtPE,0.0,0.0,1.0,0.0,7
@BBCNews,Sun Jun 10 03:19:09 +0000 2018,Earthquake near Hull and Grimsby 'felt 100km away' https://t.co/itnh3leva2,0.0,0.0,1.0,0.0,8
@BBCNews,Sun Jun 10 03:12:03 +0000 2018,Canada 10-48 Scotland https://t.co/VKszD2zq16,0.0,0.0,1.0,0.0,9
@BBCNews,Sun Jun 10 00:43:16 +0000 2018,Mass march marks 100 years of women's vote https://t.co/wdL2U1Mdt3,0.0,0.0,1.0,0.0,10
@BBCNews,Sun Jun 10 00:10:52 +0000 2018,Reality Check: Are dating apps behind syphilis rise? https://t.co/CFZXdhsRmk,0.0,0.0,1.0,0.0,11
@BBCNews,Sun Jun 10 00:10:52 +0000 2018,Your pictures: Paths https://t.co/kQRnRa9Omh,0.0,0.0,1.0,0.0,12
@BBCNews,Sun Jun 10 00:10:51 +0000 2018,Long watch: Russia's dirty secret https://t.co/q8z7kTOc3m,-0.4404,0.0,0.633,0.367,13
@BBCNews,Sun Jun 10 00:10:51 +0000 2018,Kimberley Benson aka Viper: 'People wrote me off because of my size' https://t.co/aB1RgPDvFi,0.0,0.0,1.0,0.0,14
@BBCNews,Sun Jun 10 00:10:51 +0000 2018,Serial poopers: What makes people poo in public places? https://t.co/gtQzBDVvV9,0.0,0.0,1.0,0.0,15
@BBCNews,Sun Jun 10 00:10:51 +0000 2018,'Like the hand of God thrusting you up the road' https://t.co/kjxiev595h,0.7783,0.494,0.506,0.0,16
@BBCNews,Sun Jun 10 00:10:51 +0000 2018,"Vinyl records, music and Dragons' Den: The man who started in music at 13 https://t.co/F50JAWHHei",0.0,0.0,1.0,0.0,17
@BBCNews,Sun Jun 10 00:10:51 +0000 2018,Big fight to bring arm wrestling to South Africa's townships https://t.co/WixEzrI0Pr,-0.3818,0.0,0.794,0.206,18
@BBCNews,Sun Jun 10 00:10:51 +0000 2018,Shakira on her vocal problems: 'I doubted I'd ever sing again' https://t.co/KZeIZN2eIU,-0.5859,0.0,0.676,0.324,19
@BBCNews,Sun Jun 10 00:10:51 +0000 2018,"Storm over India film on women who 'smoke, drink and have sex' https://t.co/gjCqUg2H8U",0.0,0.0,1.0,0.0,20
@BBCNews,Sat Jun 09 23:50:08 +0000 2018,Man dies in stabbing near Turnpike Lane station in Haringey https://t.co/xYviUeyYDk,0.0,0.0,1.0,0.0,21
@BBCNews,Sat Jun 09 23:38:48 +0000 2018,French Open 2018: Champion Simona Halep thought chance to win 'had gone' https://t.co/Y7bHuWlRrf,0.8658,0.492,0.508,0.0,22
@BBCNews,Sat Jun 09 23:22:59 +0000 2018,England coach Eddie Jones plays down confrontation with South Africa fans https://t.co/QZvUYW64Al,-0.0772,0.14,0.699,0.161,23
@BBCNews,Sat Jun 09 23:20:41 +0000 2018,Firms will have to justify pay gap between workers and bosses https://t.co/9UFEK33JJQ,-0.1027,0.0,0.887,0.113,24
@BBCNews,Sat Jun 09 23:18:24 +0000 2018,Kitchen towels 'can cause food poisoning' https://t.co/KMg9EV51cv,-0.5859,0.0,0.612,0.388,25
@BBCNews,Sat Jun 09 23:18:24 +0000 2018,Belmont Stakes: Justify completes US Flat racing Triple Crown https://t.co/3BUKwEuM2V,0.0,0.0,1.0,0.0,26
@BBCNews,Sat Jun 09 22:37:06 +0000 2018,The Papers: https://t.co/oTJC9wPcai's 'Russian links' in spotlight https://t.co/ZG0SyNrE2G,0.0,0.0,1.0,0.0,27
@BBCNews,Sat Jun 09 22:25:21 +0000 2018,May says G7 will act over Russia's 'malign activity' https://t.co/3NOnT0IThk,0.0,0.0,1.0,0.0,28
@BBCNews,Sat Jun 09 22:16:18 +0000 2018,G7 commits to 'rules-based trading system' despite tensions with US https://t.co/bapRU3DoKM,0.3309,0.272,0.728,0.0,29
@BBCNews,Sat Jun 09 22:09:04 +0000 2018,Tyson Fury: Briton beats Sefer Seferi in comeback fight https://t.co/OZ6jh5Q6V1,-0.743,0.0,0.559,0.441,30
@BBCNews,Sat Jun 09 21:52:35 +0000 2018,First Test: Argentina 10-23 Wales https://t.co/lotpAFrYfI,0.0,0.0,1.0,0.0,31
@BBCNews,Sat Jun 09 21:35:59 +0000 2018,Terry Flanagan loses to Maurice Hooker in fight for vacant WBO super-lightweight title https://t.co/j3zqqNhhAJ,-0.5994,0.0,0.71,0.29,32
@BBCNews,Sat Jun 09 21:10:44 +0000 2018,World Cup warm-up match: Spain 1-0 Tunisia https://t.co/qdiX0IsEwq,0.0,0.0,1.0,0.0,33
@BBCNews,Sat Jun 09 20:42:33 +0000 2018,World record set for largest skinny dip on Co Wicklow beach https://t.co/LUb3JfEqSK,0.0,0.0,1.0,0.0,34
@BBCNews,Sat Jun 09 20:19:43 +0000 2018,House in flames after lightning strike near Lenzie https://t.co/xPExU3zQLG,-0.128,0.0,0.842,0.158,35
@BBCNews,Sat Jun 09 19:26:19 +0000 2018,Sebastian Vettel on pole in Canada https://t.co/salEJlFiT9,0.0,0.0,1.0,0.0,36
@BBCNews,Sat Jun 09 19:26:19 +0000 2018,Disruptive passenger on Jet2 flight banned for life https://t.co/rxjp1YOOcw,-0.6486,0.0,0.569,0.431,37
@BBCNews,Sat Jun 09 19:12:31 +0000 2018,Welsh Labour leader-selection row points to wider struggle https://t.co/86PEpTGs58,-0.3182,0.0,0.777,0.223,38
@BBCNews,Sat Jun 09 19:01:08 +0000 2018,Trump at G7: Who's who in Merkel's photo? https://t.co/OGZos8I875,0.0,0.0,1.0,0.0,39
@BBCNews,Sat Jun 09 18:26:09 +0000 2018,Toulon Tournament: England U21s secure third successive title with 2-1 win over Mexico https://t.co/2W0gQXVFVe,0.8074,0.43,0.57,0.0,40
@BBCNews,Sat Jun 09 18:23:57 +0000 2018,"Nabil Fekir: Liverpool target staying at Lyon, says Ligue 1 club https://t.co/hTngzYS508",0.0,0.0,1.0,0.0,41
@BBCNews,Sat Jun 09 17:30:35 +0000 2018,England women lose to South Africa by seven wickets in ODI series opener https://t.co/DHhhR9VRCs,-0.4019,0.0,0.828,0.172,42
@BBCNews,Sat Jun 09 17:09:52 +0000 2018,South Africa beat England 42-39 in first Test in Johannesburg https://t.co/08MaH8SUQM,0.0,0.0,1.0,0.0,43
@BBCNews,Sat Jun 09 17:02:50 +0000 2018,Hailstorm halts M9 motorway traffic https://t.co/qi7hyVjwtH,0.0,0.0,1.0,0.0,44
@BBCNews,Sat Jun 09 17:00:26 +0000 2018,Stalking victim calls for harsher sentences https://t.co/NrElQRGG99,-0.6249,0.114,0.381,0.505,45
@BBCNews,Sat Jun 09 16:16:49 +0000 2018,"RT @BBCWorld: Inside Afghanistan's only secure psychiatric unit.  The BBC investigates the lasting effects of conflict in the country. 
(Th‚Ä¶",0.0258,0.106,0.793,0.101,46
@BBCNews,Sat Jun 09 16:02:33 +0000 2018,"RT @BBCWorld: Russian workers being taught how to smile more ahead of the World Cup 
‚ò∫Ô∏è‚ò∫Ô∏è
https://t.co/WBNlLAf9Nt https://t.co/uyLxrpKct6",0.3612,0.128,0.872,0.0,47
@BBCNews,Sat Jun 09 16:00:23 +0000 2018,"World Cup 2018: Young players to watch in Russia - including 'El Chucky', 'The Sergeant' &amp; 'The Bull' https://t.co/a445gltfrF",0.0,0.0,1.0,0.0,48
@BBCNews,Sat Jun 09 15:58:02 +0000 2018,French Open 2018: Simona Halep beats Sloane Stephens in final https://t.co/5n2QG6NfBq,0.0,0.0,1.0,0.0,49
@BBCNews,Sat Jun 09 15:58:01 +0000 2018,SNP conference: Sturgeon announces 'immediate' NHS pay rise https://t.co/gruK54Mlv1,-0.1027,0.0,0.851,0.149,50
@BBCNews,Sat Jun 09 15:28:40 +0000 2018,England v South Africa: Sarah Taylor's quick glovework sees Sune Luus dismissed for duck https://t.co/2U4w8asIfp,0.0,0.0,1.0,0.0,51
@BBCNews,Sat Jun 09 15:11:21 +0000 2018,"Trooping the Colour: Four things about the event that celebrates the Queen's official birthday
üëë‚Ä¶ https://t.co/SGNEkrd9yo",0.5719,0.198,0.802,0.0,52
@BBCNews,Sat Jun 09 14:45:34 +0000 2018,"RT @BBCWorld: US President @realDonaldTrump says he is ""on a mission of peace"" when he travels to Singapore to meet Kim Jong-un for the US-‚Ä¶",0.5423,0.132,0.868,0.0,53
@BBCNews,Sat Jun 09 14:45:31 +0000 2018,"RT @BBCWorld: ""The United States has been taken advantage of for decades.. and we can't do that anymore""- US President @realDonaldTrump on‚Ä¶",0.5859,0.194,0.806,0.0,54
@BBCNews,Sat Jun 09 14:28:44 +0000 2018,WSBK: Rea breaks victories record in Brno with 60th win https://t.co/4MouNPtf0I,0.5859,0.275,0.725,0.0,55
@BBCNews,Sat Jun 09 14:21:44 +0000 2018,Trooping the Colour: Royals watch RAF flypast for Queen's birthday https://t.co/xx6aNoZ55V,0.0,0.0,1.0,0.0,56
@BBCNews,Sat Jun 09 13:49:20 +0000 2018,"The first Bond girl, Eunice Grayson, dies at 90 https://t.co/NZNj4GVnYB",0.0,0.0,1.0,0.0,57
@BBCNews,Sat Jun 09 13:46:58 +0000 2018,John Lasseter: Disney animation head to quit after misconduct claims https://t.co/dZd3Hh8zQf,0.0,0.0,1.0,0.0,58
@BBCNews,Sat Jun 09 13:46:58 +0000 2018,Birthday Honours 2018: CBE for Network Rail boss 'slap in the face' https://t.co/buXxv6ntjT,0.5859,0.304,0.696,0.0,59
@BBCNews,Sat Jun 09 13:22:54 +0000 2018,"RT @BBCSport: Australia have ended Ireland's 12-game winning run.

üëâ https://t.co/Msu0iZutc9

#bbcrugby https://t.co/FEdrdvYadC",0.5267,0.185,0.815,0.0,60
@BBCNews,Sat Jun 09 13:14:55 +0000 2018,"RT @BBCNews: Serena Williams should be ready for Wimbledon, says her coach https://t.co/wWMQmZEckl",0.3612,0.172,0.828,0.0,61
@BBCNews,Sat Jun 09 12:53:57 +0000 2018,"Serena Williams should be ready for Wimbledon, says her coach https://t.co/wWMQmZEckl",0.3612,0.2,0.8,0.0,62
@BBCNews,Sat Jun 09 12:28:10 +0000 2018,Sofija Kaczan death: Man in court charged with 100-year-old's manslaughter https://t.co/CwjfOCJnPu,-0.6908,0.0,0.612,0.388,63
@BBCNews,Sat Jun 09 12:25:55 +0000 2018,Taliban agree three-day Eid ceasefire in Afghanistan https://t.co/J8edT9yKWI,0.3612,0.263,0.737,0.0,64
@BBCNews,Sat Jun 09 12:25:54 +0000 2018,"Boy, 8, youngest to climb Old Man of Hoy https://t.co/ReLsewDDlx",0.0,0.0,1.0,0.0,65
@BBCNews,Sat Jun 09 12:21:08 +0000 2018,Australia 18-9 Ireland: Tourists' 12-game winning run comes to an end https://t.co/ZYiTjpCWIW,0.5267,0.236,0.764,0.0,66
@BBCNews,Sat Jun 09 12:17:20 +0000 2018,The Royal family watch the RAF flypast from Buckingham Palace. 23 aircraft are taking part to mark the Queen's offi‚Ä¶ https://t.co/SlJuDPXe7m,0.0,0.0,1.0,0.0,67
@BBCNews,Sat Jun 09 11:59:48 +0000 2018,A 41 gun salute is fired to mark the Queen's official birthday at the Trooping the Colour ceremony in London‚Ä¶ https://t.co/JhOinaavAW,-0.7184,0.0,0.75,0.25,68
@BBCNews,Sat Jun 09 11:53:40 +0000 2018,World Cup 2018: Can you name the losing finalists from previous tournaments? https://t.co/RSNuvOYgU3,-0.3818,0.0,0.822,0.178,69
@BBCNews,Sat Jun 09 11:40:02 +0000 2018,RT @bbcweather: Plenty of broken cloud and sunshine for most this afternoon but some sharp showers a nuisance too! Lou L https://t.co/BowtJ‚Ä¶,0.088,0.107,0.802,0.091,70
@BBCNews,Sat Jun 09 11:12:24 +0000 2018,ICYMI: Beauty pageants and Star Wars - burlesque style https://t.co/DAJNwy5PoO,0.0516,0.264,0.486,0.25,71
@BBCNews,Sat Jun 09 11:05:38 +0000 2018,England v South Africa: Heather Knight is dismissed by Marizanne Kapp https://t.co/1H8NOhH2iP,0.0,0.0,1.0,0.0,72
@BBCNews,Sat Jun 09 11:05:36 +0000 2018,Trump and Macron in handshake showdown at G7 summit https://t.co/8Oq87iulUd,0.0,0.0,1.0,0.0,73
@BBCNews,Sat Jun 09 10:56:18 +0000 2018,The Trooping the Colour parade which marks the Queen's official birthday is underway in London. The Queen and Duke‚Ä¶ https://t.co/pSKtDyPg6q,0.0,0.0,1.0,0.0,74
@BBCNews,Sat Jun 09 10:42:28 +0000 2018,Five ways Paul Dacre's Daily Mail left its mark on Britain https://t.co/v5yBMpXygv,0.0,0.0,1.0,0.0,75
@BBCNews,Sat Jun 09 10:42:28 +0000 2018,'Bride of Belsen' Gena Turgel dies at 95 https://t.co/k2y5Xyj69h,0.0,0.0,1.0,0.0,76
@BBCNews,Sat Jun 09 10:26:30 +0000 2018,Tyson Fury v Sefer Seferi: An unusual heavyweight weigh-in https://t.co/MH1Nizl9CX,-0.5719,0.0,0.684,0.316,77
@BBCNews,Sat Jun 09 10:12:37 +0000 2018,Trooping the Colour: Meghan and Harry join Queen at parade https://t.co/lVdEeeeUHZ,0.296,0.18,0.82,0.0,78
@BBCNews,Sat Jun 09 09:58:43 +0000 2018,England for the World Cup? SNP delegates on football loyalties https://t.co/9gLG2cOBQi,0.4404,0.225,0.775,0.0,79
@BBCNews,Sat Jun 09 09:11:54 +0000 2018,Game of Thrones: HBO orders spinoff prequel pilot https://t.co/nkuSCMfz1b,0.0,0.0,1.0,0.0,80
@BBCNews,Sat Jun 09 09:10:55 +0000 2018,"RT @BBCWorld: Form is temporary, class is permanent. Which counts more at the World Cup? 
‚öΩüèÉ‚Äç‚ôÇÔ∏è @BBCRealityCheck has crunched the numbers
h‚Ä¶",0.0,0.0,1.0,0.0,81
@BBCNews,Sat Jun 09 07:22:07 +0000 2018,G7 summit dogged by divisions between Trump and allies https://t.co/KIa4SMpuwh,0.0,0.0,1.0,0.0,82
@BBCNews,Sat Jun 09 07:06:06 +0000 2018,'No dogs allowed' - but what about my assistance dog? https://t.co/xNAlYEacoO,-0.1531,0.0,0.849,0.151,83
@BBCNews,Sat Jun 09 06:59:22 +0000 2018,Birthday Honours 2018: Network Rail boss made CBE amid travel chaos https://t.co/kHWuDHQ9VV,-0.128,0.189,0.592,0.219,84
@BBCNews,Sat Jun 09 06:33:42 +0000 2018,Canadian GP: Fernando Alonso says 'I'm one of F1's best ever' https://t.co/p81nnU1g6j,0.6369,0.276,0.724,0.0,85
@BBCNews,Sat Jun 09 05:50:03 +0000 2018,South Africa v England: Siya Kolisi - the Springboks captain uniting a country https://t.co/QTMak9yU1c,0.0,0.0,1.0,0.0,86
@BBCNews,Sat Jun 09 02:28:36 +0000 2018,Meat traces 'found in supermarket vegetarian meals' https://t.co/SIiQRLgK3Z,0.0,0.0,1.0,0.0,87
@BBCNews,Sat Jun 09 02:07:26 +0000 2018,Maria Esther Bueno: Brazilian star of 1960s women's tennis dies https://t.co/NMc3hai0V5,0.0,0.0,1.0,0.0,88
@BBCNews,Sat Jun 09 01:16:16 +0000 2018,"Boy, 14, charged over string of moped thefts in north London https://t.co/ulne7N3EOv",-0.2023,0.0,0.859,0.141,89
@BBCNews,Sat Jun 09 00:15:31 +0000 2018,Pregnant and anorexic: 'I was told my baby could die' https://t.co/agj4vcYoSS,-0.5994,0.0,0.719,0.281,90
@BBCNews,Sat Jun 09 00:15:31 +0000 2018,US election 2018: The women lining up to topple Trump https://t.co/1kql7F8lMI,0.0,0.0,1.0,0.0,91
@BBCNews,Sat Jun 09 00:15:31 +0000 2018,Week in pictures: 2 - 8 June 2018 https://t.co/Yt5FdlgG0H,0.0,0.0,1.0,0.0,92
@BBCNews,Sat Jun 09 00:15:31 +0000 2018,Barbed wire and smuggled crabs: Watching North Korea from China https://t.co/g1OL6JN7gt,-0.3612,0.0,0.8,0.2,93
@BBCNews,Sat Jun 09 00:15:31 +0000 2018,Anthony Bourdain: Why his travel shows had global appeal https://t.co/0ek8fVzGLJ,0.0,0.0,1.0,0.0,94
@BBCNews,Sat Jun 09 00:15:30 +0000 2018,Trump Kim summit: Who's pulling the strings? https://t.co/MYuBFgLPGc,0.0,0.0,1.0,0.0,95
@BBCNews,Sat Jun 09 00:15:30 +0000 2018,World Cup 2018: Does form matter for teams competing in Russia? https://t.co/eoIaJmbOZU,0.0258,0.091,0.909,0.0,96
@BBCNews,Sat Jun 09 00:15:30 +0000 2018,It's the world's longest non-stop flight... for now https://t.co/ZUUS3UK2Xn,0.0,0.0,1.0,0.0,97
@BBCNews,Sat Jun 09 00:15:30 +0000 2018,Tayyaba abuse case shines light on Pakistan's child maids https://t.co/mL3puqGfC9,-0.6369,0.0,0.682,0.318,98
@BBCNews,Sat Jun 09 00:15:30 +0000 2018,Suffrage centenary: The women getting creative and going on the march https://t.co/EbQCWL2n2I,0.4404,0.209,0.791,0.0,99
@BBCNews,Sat Jun 09 00:08:31 +0000 2018,Why Russian workers are being taught how to smile https://t.co/vY98gixMx9,0.3612,0.217,0.783,0.0,100
@CBSNews,Sun Jun 10 07:03:08 +0000 2018,"Police defend search efforts for NY father, toddler found shot dead in Va. https://t.co/wJqQi7Z5Jd https://t.co/oRvEp5bVc5",-0.6486,0.0,0.765,0.235,1
@CBSNews,Sun Jun 10 06:48:04 +0000 2018,Electric airplanes could be just over the horizon https://t.co/Tw1KSZ720y https://t.co/pvLbNE4zn6,0.0,0.0,1.0,0.0,2
@CBSNews,Sun Jun 10 06:33:03 +0000 2018,"In Maine, new voting system faces landmark test https://t.co/rI4Ewp3QOY https://t.co/u9Y2Fch5x0",0.0772,0.126,0.874,0.0,3
@CBSNews,Sun Jun 10 06:18:05 +0000 2018,Report reveals Florida stopped doing gun permit checks for more than a year https://t.co/bTRRRp3zjp https://t.co/Xhnj4sC3HK,-0.5106,0.0,0.736,0.264,4
@CBSNews,Sun Jun 10 06:03:05 +0000 2018,Audio released of trooper's traffic stop reunion with cop who helped deliver him https://t.co/qro7z4GdJO https://t.co/ULmzy1FCa8,-0.296,0.0,0.864,0.136,5
@CBSNews,Sun Jun 10 05:48:05 +0000 2018,"""He got to my heart"": How a bullied teen changed the lives of two Denver police officers https://t.co/M23CN6fLZj https://t.co/UnS3RcTbeL",-0.6249,0.0,0.806,0.194,6
@CBSNews,Sun Jun 10 05:33:05 +0000 2018,Woman recounts capturing neighborhood shooting near Hawaii lava flow https://t.co/vy6Bod1sT9 https://t.co/DBnUxKuv2f,0.0,0.0,1.0,0.0,7
@CBSNews,Sun Jun 10 05:18:04 +0000 2018,"Queen's honors for Emma Thompson, Tom Hardy, Keira Knightley https://t.co/WyxyK4mg8x https://t.co/adOL5D0dAL",0.7184,0.4,0.6,0.0,8
@CBSNews,Sun Jun 10 05:03:06 +0000 2018,"Redmond O'Neal, son of Farrah Fawcett, charged with attempted murder https://t.co/PCPxlpTqMe https://t.co/hBx3vglWVb",-0.7579,0.0,0.606,0.394,9
@CBSNews,Sun Jun 10 04:48:04 +0000 2018,"University offers $3,500 to get sick and stay in ""Hotel Influenza"" https://t.co/2z0LxxYLZT https://t.co/J30hWhPozx",-0.5106,0.0,0.784,0.216,10
@CBSNews,Sun Jun 10 04:33:03 +0000 2018,"Overdue hiker, 76, found dead in Washington national park https://t.co/M2KdiA1KA9 https://t.co/Ms8Ogaxh3K",-0.6486,0.0,0.699,0.301,11
@CBSNews,Sun Jun 10 04:18:04 +0000 2018,"Doctor seen singing and dancing during surgery called ""threat to public safety"" https://t.co/oZBKbd0GOB https://t.co/2ESxFzbzpL",-0.1531,0.154,0.659,0.187,12
@CBSNews,Sun Jun 10 04:03:03 +0000 2018,"2018 FIFA World Cup: How to watch every team, every game https://t.co/DSWLQ1J2K3 https://t.co/QeZtOs5BCC",0.0,0.0,1.0,0.0,13
@CBSNews,Sun Jun 10 03:48:03 +0000 2018,First Bond Girl Eunice Gayson dies at 90 https://t.co/xYCxoXT9JL https://t.co/sk0yW26F1U,0.0,0.0,1.0,0.0,14
@CBSNews,Sun Jun 10 03:33:04 +0000 2018,Search teams find body of woman missing in suspected alligator attack https://t.co/Vqan85O0Jw https://t.co/UV73wUMQsv,-0.7351,0.0,0.581,0.419,15
@CBSNews,Sun Jun 10 03:18:04 +0000 2018,Video of TSA agents searching 96-year-old woman in wheelchair sparks outrage https://t.co/sUOKr00M3s https://t.co/XbmFluG6tG,-0.5106,0.0,0.784,0.216,16
@CBSNews,Sun Jun 10 03:03:04 +0000 2018,Pay Attention: Exploring how forest bathing benefits both body and mind https://t.co/L0PTY4iaIi https://t.co/azVqCPdsmI,0.296,0.173,0.733,0.093,17
@CBSNews,Sun Jun 10 02:48:06 +0000 2018,Group photo masks underlying tension at G-7 summit https://t.co/IxzFNmmTMG https://t.co/pQjYlFa7kW,-0.3182,0.0,0.796,0.204,18
@CBSNews,Sun Jun 10 02:40:10 +0000 2018,"He risked his life, traveling thousands of miles to cross the U.S. border, but his journey is far from over. Stream‚Ä¶ https://t.co/4iVsuvmx32",-0.1154,0.0,0.935,0.065,19
@CBSNews,Sun Jun 10 02:33:04 +0000 2018,Meghan Markle joins Trooping the Color ceremony to celebrate Queen Elizabeth II's birthday https://t.co/RdN9tiKJJl https://t.co/aSUkB6cbzQ,0.5719,0.209,0.791,0.0,20
@CBSNews,Sun Jun 10 02:18:04 +0000 2018,"Mother, her boyfriend sentenced in boy's ""beyond animalistic"" child abuse death https://t.co/gmAJYKjHqm https://t.co/nAVwq2BAL1",-0.8481,0.0,0.521,0.479,21
@CBSNews,Sun Jun 10 02:03:04 +0000 2018,"President Trump says he may pardon Muhammad Ali, who does not need a pardon https://t.co/VwUVPwkYMQ https://t.co/RqRqj3eZbO",0.5574,0.261,0.739,0.0,22
@CBSNews,Sun Jun 10 01:48:07 +0000 2018,Inside the auto shop that only restores Volkswagen Beetles https://t.co/ilBA23EnQp https://t.co/FYsxQWD5fD,0.296,0.18,0.82,0.0,23
@CBSNews,Sun Jun 10 01:39:52 +0000 2018,"Anthony Bourdain famously championed for better treatment, respect and recognition of immigrant laborers in America‚Ä¶ https://t.co/GgrSjMz2uG",0.802,0.387,0.613,0.0,24
@CBSNews,Sun Jun 10 01:39:52 +0000 2018,Farrah Fawcett's son has been charged with punching and stabbing five men in a violent spree last month‚Ä¶ https://t.co/6UFD8r0m7u,-0.6908,0.0,0.737,0.263,25
@CBSNews,Sun Jun 10 01:33:05 +0000 2018,Best-selling vehicle ever making a comeback to U.S. https://t.co/CzgbOhJry2 https://t.co/cDFqBbYVGw,0.0,0.0,1.0,0.0,26
@CBSNews,Sun Jun 10 01:18:06 +0000 2018,"Racist, misogynistic messages show dark side of ""Star Wars"" fandom https://t.co/RG8Nq79JyV https://t.co/DJzWd6iOKU",-0.8225,0.0,0.568,0.432,27
@CBSNews,Sun Jun 10 01:03:04 +0000 2018,"With production of the VW beetle coming to an end, a family hobby will help keep the infamous car running‚Ä¶ https://t.co/rSzoEc3mH8",0.4019,0.124,0.876,0.0,28
@CBSNews,Sun Jun 10 01:00:19 +0000 2018,Russian President Vladimir Putin was caught delicately crafting dumplings Friday during his visit to China https://t.co/9ZmXwfkcH2,0.1779,0.116,0.809,0.075,29
@CBSNews,Sun Jun 10 00:48:09 +0000 2018,"Trump departs for summit in Singapore, skipping G-7 environmental sessions https://t.co/FC1u9Ny5sK https://t.co/Veh2W3MFbE",0.0,0.0,1.0,0.0,30
@CBSNews,Sun Jun 10 00:39:53 +0000 2018,The Afghan Taliban announced a 3-day cease-fire for the Eid al-Fitr holiday at the end of the holy month of Ramadan‚Ä¶ https://t.co/NLq7Qc8XhW,0.4019,0.119,0.881,0.0,31
@CBSNews,Sun Jun 10 00:33:05 +0000 2018,CBS correspondent David Begnaud reflects on Hurricane Maria coverage https://t.co/UebvutaUAL https://t.co/4td0QEKE22,0.0,0.0,1.0,0.0,32
@CBSNews,Sun Jun 10 00:19:48 +0000 2018,"""It is a myth that asking about suicide will cause someone to commit suicide"": Experts offer insight on interventio‚Ä¶ https://t.co/C39yHeTW7Q",-0.5106,0.093,0.717,0.19,33
@CBSNews,Sun Jun 10 00:18:06 +0000 2018,"Salmonella outbreak linked to pre-cut melon, CDC says https://t.co/GMtu4dU8Dr https://t.co/johqZotKxx",0.0,0.0,1.0,0.0,34
@CBSNews,Sun Jun 10 00:04:30 +0000 2018,"President Trump retracted his endorsement of the G7 final statement, accusing Canadian Prime Minister Justin Trudea‚Ä¶ https://t.co/FRTU8K4Rnn",0.1531,0.121,0.789,0.089,35
@CBSNews,Sun Jun 10 00:03:05 +0000 2018,Trump retracts his endorsement of G7 final statement https://t.co/o1t0LY1dio https://t.co/2ll3I6lfMC,0.3182,0.204,0.796,0.0,36
@CBSNews,Sat Jun 09 23:59:33 +0000 2018,"Electric cars are already here. Now, companies are looking to move the technology into another space: airplanes.‚Ä¶ https://t.co/T10sEfg5Tp",0.0,0.0,1.0,0.0,37
@CBSNews,Sat Jun 09 23:48:04 +0000 2018,Anthony Bourdain‚Äôs death means loss of a voice for immigrant workers https://t.co/XR9rIRAIp3 https://t.co/7Cq0bRbWgq,-0.7351,0.0,0.617,0.383,38
@CBSNews,Sat Jun 09 23:39:36 +0000 2018,President Trump said it won't take long for him to tell if North Korean leader Kim Jong Un is serious about denucle‚Ä¶ https://t.co/MM1ozFQocY,-0.0772,0.0,0.944,0.056,39
@CBSNews,Sat Jun 09 23:33:05 +0000 2018,Fire department issues warning about kids getting burned by garden hoses left in the sun https://t.co/26BU9veuDz https://t.co/P9MQ6pfCTF,-0.5859,0.0,0.758,0.242,40
@CBSNews,Sat Jun 09 23:18:06 +0000 2018,5 dangerous myths about Social Security https://t.co/GcxBxFGNsc https://t.co/Yw9A0upTPt,-0.1779,0.229,0.476,0.295,41
@CBSNews,Sat Jun 09 23:03:06 +0000 2018,"Andrew Lloyd Webber, iconic composer, reflects on his career and what makes a show endure https://t.co/yw9LYAJh82 https://t.co/7eOqGB13T0",0.0,0.0,1.0,0.0,42
@CBSNews,Sat Jun 09 23:00:28 +0000 2018,"He risked his life, traveling thousands of miles to cross the U.S. border, but his journey is far from over. Stream‚Ä¶ https://t.co/LbX3HrY2W6",-0.1154,0.0,0.935,0.065,43
@CBSNews,Sat Jun 09 22:54:26 +0000 2018,"Justify wins the 150th Belmont Stakes, becoming the 13th horse in history to win the Triple Crown‚Ä¶ https://t.co/hSAI2Li00E",0.8176,0.319,0.681,0.0,44
@CBSNews,Sat Jun 09 22:39:39 +0000 2018,The family in charge of the Singapore hotel hosting the U.S.-North Korea summit shares Trump-like ambition‚Ä¶ https://t.co/2CrEnrgTDN,0.296,0.121,0.879,0.0,45
@CBSNews,Sat Jun 09 22:19:39 +0000 2018,"""A lot of people in Congress are focused on what's going to happen tomorrow, not what's going to happen in 2026"": T‚Ä¶ https://t.co/iVUotZcDZB",0.3818,0.106,0.894,0.0,46
@CBSNews,Sat Jun 09 22:19:39 +0000 2018,California Officials say wildfires last year that killed 15 are attributable to Pacific Gas &amp; Electric Co. equipmen‚Ä¶ https://t.co/a50mKES8Ss,-0.6705,0.0,0.8,0.2,47
@CBSNews,Sat Jun 09 21:59:49 +0000 2018,The Category 4 hurricane brewing off the coast of Mexico and Baja California Sur will make for dangerous swells and‚Ä¶ https://t.co/cWAlq5t2sx,-0.4767,0.0,0.86,0.14,48
@CBSNews,Sat Jun 09 21:39:56 +0000 2018,Buildings in the Bay Area lit up blue and gold overnight as fans celebrated the Golden State @Warriors' third NBA c‚Ä¶ https://t.co/ec26P3ueg3,0.5719,0.15,0.85,0.0,49
@CBSNews,Sat Jun 09 21:19:31 +0000 2018,"Volkswagen's plan to end production of the iconic model won't change the love many owners have for their ""bugs""‚Äî or‚Ä¶ https://t.co/rs7fn7GOJn",-0.5216,0.0,0.856,0.144,50
@CBSNews,Sat Jun 09 20:59:38 +0000 2018,"Toxic abuse has long been a staple of darker social-media realms, message boards and internet comments pages -- but‚Ä¶ https://t.co/78lXrTPDdd",-0.6369,0.0,0.811,0.189,51
@CBSNews,Sat Jun 09 20:40:21 +0000 2018,"Prince George may be Britain's future king, but his cousin Savannah Phillips isn't shy about telling him to quiet d‚Ä¶ https://t.co/RWpQeA8K3b",0.2755,0.095,0.905,0.0,52
@CBSNews,Sat Jun 09 20:19:24 +0000 2018,As this year's Puerto Rican Day Parade draws attention to the island's continued struggle in the wake of Hurricane‚Ä¶ https://t.co/HulKjfBHpo,-0.3182,0.0,0.892,0.108,53
@CBSNews,Sat Jun 09 20:02:01 +0000 2018,A salmonella outbreak spanning eight states that infected 60 and hospitalized 31 has been connected to pre-cut melo‚Ä¶ https://t.co/4YO6g3W7vD,-0.4939,0.0,0.842,0.158,54
@CBSNews,Sat Jun 09 19:42:37 +0000 2018,"RT @CBSSunday: TOMORROW 

Jim Parsons, best known for his work in front of the camera on @bigbangtheory &amp; on the stage in the revival of @B‚Ä¶",0.6369,0.144,0.856,0.0,55
@CBSNews,Sat Jun 09 19:39:57 +0000 2018,"""It is a myth that asking about suicide will cause someone to commit suicide"": Experts offer insight on interventio‚Ä¶ https://t.co/cQwktOodtT",-0.5106,0.093,0.717,0.19,56
@CBSNews,Sat Jun 09 19:19:51 +0000 2018,"President Trump cut his G-7 attendance short to leave for the summit in Singapore, leaving other leaders to discuss‚Ä¶ https://t.co/drnDIHeJK9",-0.3182,0.0,0.845,0.155,57
@CBSNews,Sat Jun 09 19:00:22 +0000 2018,"Shahab fled Iran after he was beaten and jailed for converting to Christianity. Now in the U.S., he‚Äôs free from all‚Ä¶ https://t.co/0fctuXaeRS",-0.4019,0.117,0.671,0.212,58
@CBSNews,Sat Jun 09 18:40:11 +0000 2018,Russian President Vladimir Putin was caught delicately crafting dumplings Friday during his visit to China https://t.co/beLeCP6unJ,0.1779,0.116,0.809,0.075,59
@CBSNews,Sat Jun 09 18:21:23 +0000 2018,Doctors told her parents she likely wouldn't live long‚Äî then that she would never walk. This 19-year-old with cereb‚Ä¶ https://t.co/SKziTGHEFj,0.0,0.0,1.0,0.0,60
@CBSNews,Sat Jun 09 18:14:56 +0000 2018,The 2018 Belmont Stakes is set to take place this evening -- and one horse is hoping to win the Triple Crown‚Ä¶ https://t.co/lQDgMcPIPd,0.765,0.239,0.761,0.0,61
@CBSNews,Sat Jun 09 17:50:04 +0000 2018,"Ahead of the highly-anticipated summit with North Korea, @CBSEveningNews anchor @JeffGlor is in Singapore:‚Ä¶ https://t.co/MnZjShPdgw",0.0,0.0,1.0,0.0,62
@CBSNews,Sat Jun 09 17:29:57 +0000 2018,"Electric cars are already here. Now, companies are looking to move the technology into another space: airplanes.‚Ä¶ https://t.co/JhtJSzubZs",0.0,0.0,1.0,0.0,63
@CBSNews,Sat Jun 09 17:16:39 +0000 2018,RT @CBSThisMorning: .@TheTonyAwards are on @CBS tomorrow night! Here‚Äôs a look at some of the preparations ahead of Broadway‚Äôs biggest night‚Ä¶,0.0,0.0,1.0,0.0,64
@CBSNews,Sat Jun 09 17:10:21 +0000 2018,President Trump said it won't take long for him to tell if North Korean leader Kim Jong Un is serious about denucle‚Ä¶ https://t.co/sKVAqhatkJ,-0.0772,0.0,0.944,0.056,65
@CBSNews,Sat Jun 09 16:50:01 +0000 2018,The family in charge of the Singapore hotel hosting the U.S.-North Korea summit shares Trump-like ambition‚Ä¶ https://t.co/sDTZlDpuBg,0.296,0.121,0.879,0.0,66
@CBSNews,Sat Jun 09 16:29:33 +0000 2018,"Top-ranked Simona Halep wins the #FrenchOpen by defeating Sloane Stephens 3-6, 6-4, 6-1 https://t.co/en40gwzJJT https://t.co/SHLFffYyEO",0.2732,0.192,0.674,0.135,67
@CBSNews,Sat Jun 09 16:10:30 +0000 2018,"He risked his life, traveling thousands of miles to cross the U.S. border, but his journey is far from over. Stream‚Ä¶ https://t.co/1CyQsRrk9D",-0.1154,0.0,0.935,0.065,68
@CBSNews,Sat Jun 09 15:49:30 +0000 2018,The Afghan Taliban announced a 3-day cease-fire for the Eid al-Fitr holiday at the end of the holy month of Ramadan‚Ä¶ https://t.co/CrcHIAuFe1,0.4019,0.119,0.881,0.0,69
@CBSNews,Sat Jun 09 15:41:55 +0000 2018,"President Trump says he will ""know in the first minute"" whether North Korean leader Kim Jong Un is ""serious"" about‚Ä¶ https://t.co/47Aqo1HEga",0.0,0.0,1.0,0.0,70
@CBSNews,Sat Jun 09 15:29:42 +0000 2018,Prince Harry and Meghan Markle joined the pageantry of the annual Trooping the Color ceremony to celebrate Queen El‚Ä¶ https://t.co/0YsALCVVNH,0.5719,0.163,0.837,0.0,71
@CBSNews,Sat Jun 09 15:10:07 +0000 2018,WATCH: Take a look at how the coastline of Hawaii's Big Island has changed since the Kilauea volcano began erupting‚Ä¶ https://t.co/MhZSAxyHnr,0.0,0.0,1.0,0.0,72
@CBSNews,Sat Jun 09 14:49:49 +0000 2018,4 U.S. service members who were wounded in an extremist attack in Somalia that killed one special operations soldie‚Ä¶ https://t.co/bcEyYzRuJl,-0.7096,0.103,0.608,0.289,73
@CBSNews,Sat Jun 09 14:39:43 +0000 2018,"Reporter: How long do you¬†think it will take you to¬†figure out whether Kim Jong Un is¬†serious?

President Trump: ‚ÄúI‚Ä¶ https://t.co/OBU0BrL9qf",-0.0772,0.0,0.944,0.056,74
@CBSNews,Sat Jun 09 14:36:02 +0000 2018,"President Trump says the U.S. relationship with its allies ""is a 10"" following G-7 summit https://t.co/syywHUMwLG https://t.co/mtKO3vrHT7",0.0,0.0,1.0,0.0,75
@CBSNews,Sat Jun 09 14:31:24 +0000 2018,"""You know, Obama can say all he wants, but he allowed Russia to take Crimea. I may have had a much different attitu‚Ä¶ https://t.co/E3sMsGuxnK",0.0,0.0,1.0,0.0,76
@CBSNews,Sat Jun 09 14:26:38 +0000 2018,"""Tariffs are going to come way down because we people cannot continue to do that,"" President Trump says. ""We are li‚Ä¶ https://t.co/oU0EL8VFIN",0.0,0.0,1.0,0.0,77
@CBSNews,Sat Jun 09 14:23:43 +0000 2018,"""I think it would be an asset to¬†have Russia back in [the G-7].¬†I think it would be good for¬†the world,"" President‚Ä¶ https://t.co/SjvNCse3XM",0.6597,0.197,0.803,0.0,78
@CBSNews,Sat Jun 09 14:22:36 +0000 2018,"""I really feel confident. I feel that Kim Jong Un wants to do something great for his people, and he has that oppor‚Ä¶ https://t.co/vife8VEUjx",0.8214,0.265,0.735,0.0,79
@CBSNews,Sat Jun 09 14:20:16 +0000 2018,"""I will be on a mission of peace, and we will carry in, really -- in my heart, we are going to be carrying the hear‚Ä¶ https://t.co/kAORBwtI0w",0.5423,0.123,0.877,0.0,80
@CBSNews,Sat Jun 09 14:16:38 +0000 2018,"""We want and expect other nation to provide fair market access to American exports and that we will take whatever s‚Ä¶ https://t.co/Ss7moC0GQc",0.3818,0.153,0.847,0.0,81
@CBSNews,Sat Jun 09 14:14:03 +0000 2018,WATCH LIVE: President Trump delivers statement at G-7 summit as he prepares to head to Singapore for meeting with N‚Ä¶ https://t.co/8ZKOqjf4qs,0.0,0.0,1.0,0.0,82
@CBSNews,Sat Jun 09 13:49:30 +0000 2018,"For more than a year, Florida failed to do national background checks that could have disqualified people from gain‚Ä¶ https://t.co/hvt09tJdaV",-0.7269,0.0,0.736,0.264,83
@CBSNews,Sat Jun 09 13:30:03 +0000 2018,Can President Trump and Kim Jong Un end the 68-year-old Korean War? https://t.co/yJYhxdnN74 https://t.co/z54J6O7jJK,-0.5994,0.0,0.769,0.231,84
@CBSNews,Sat Jun 09 13:15:54 +0000 2018,Search teams have located the body of a woman who vanished Friday in a suspected alligator attack‚Ä¶ https://t.co/wg7RX1ZqLv,-0.2263,0.0,0.888,0.112,85
@CBSNews,Sat Jun 09 13:03:03 +0000 2018,"""Zero trust"" between U.S. and North Korea ahead of historic summit https://t.co/2bT4TFLoUf https://t.co/8VpZ7gHoRk",0.5106,0.216,0.784,0.0,86
@CBSNews,Sat Jun 09 12:48:04 +0000 2018,"University offers $3,500 to get sick and stay in ""Hotel Influenza"" https://t.co/pHdAork3OW https://t.co/pnJwdLVXQE",-0.5106,0.0,0.784,0.216,87
@CBSNews,Sat Jun 09 12:33:04 +0000 2018,"Gloria Williams sentenced for kidnapping newborn from hospital, raising child as her own https://t.co/oQxTlSaIMO https://t.co/RPOft178nu",-0.0258,0.0,0.927,0.073,88
@CBSNews,Sat Jun 09 12:18:04 +0000 2018,"Mother, her boyfriend sentenced in boy's ""beyond animalistic"" child abuse death https://t.co/P61Ja7u7kS https://t.co/1OI79KPaIj",-0.8481,0.0,0.521,0.479,89
@CBSNews,Sat Jun 09 12:03:04 +0000 2018,Former Senate Intel staffer accused of lying to FBI makes first court appearance https://t.co/Ci68UqgVxb https://t.co/tLQ2bY4iDB,-0.6808,0.0,0.699,0.301,90
@CBSNews,Sat Jun 09 11:48:03 +0000 2018,Teen escorted from U.S. by ICE slain soon after in Mexico: Report https://t.co/JWiopRQHMA https://t.co/QDGXtfRMjl,0.0,0.0,1.0,0.0,91
@CBSNews,Sat Jun 09 11:33:03 +0000 2018,Fox News' Charles Krauthammer says he has weeks to live https://t.co/4HPbRwLsAc https://t.co/wz1UiswLri,0.0,0.0,1.0,0.0,92
@CBSNews,Sat Jun 09 11:18:03 +0000 2018,Palestinians killed in protest near Israel-Gaza border https://t.co/DhtoKuJN9x https://t.co/qGbxFIUtK2,-0.7579,0.0,0.519,0.481,93
@CBSNews,Sat Jun 09 11:03:05 +0000 2018,Group photo masks underlying tension at G-7 summit https://t.co/gWeG8c22fI https://t.co/2Aqe8J9lyH,-0.3182,0.0,0.796,0.204,94
@CBSNews,Sat Jun 09 10:48:04 +0000 2018,"Mom in ""affluenza"" case in Texas jail after positive drug test https://t.co/BdS7ls5VfD https://t.co/07u57WLNPp",0.5574,0.231,0.769,0.0,95
@CBSNews,Sat Jun 09 10:33:04 +0000 2018,Stars react to Anthony Bourdain's death https://t.co/XaqFFj4SOP https://t.co/i6KvwcoZeI,-0.5994,0.0,0.642,0.358,96
@CBSNews,Sat Jun 09 10:18:05 +0000 2018,$315M Powerball Jackpot winner comes forward https://t.co/ld8gpKWB2g https://t.co/MDyi8AsNCn,0.5859,0.352,0.648,0.0,97
@CBSNews,Sat Jun 09 10:03:05 +0000 2018,Former security chief for Senate Intelligence Committee indicted https://t.co/WWaotj7p68 https://t.co/XSkfk4QC4s,0.6705,0.407,0.593,0.0,98
@CBSNews,Sat Jun 09 09:48:06 +0000 2018,Teen's arrest prompts new use-of-force investigation for Mesa police https://t.co/AomCZUrMUq https://t.co/2NSzowvnSO,-0.34,0.0,0.806,0.194,99
@CBSNews,Sat Jun 09 09:33:03 +0000 2018,Stormy Daniels' former attorney countersues https://t.co/CHACqidrrE https://t.co/j0JS2Q636P,0.0,0.0,1.0,0.0,100
@CNN,Sun Jun 10 06:46:00 +0000 2018,Watch these homes being built using a 3D printer https://t.co/igaBP4BFwG https://t.co/OENJ2gjPMO,0.0,0.0,1.0,0.0,1
@CNN,Sun Jun 10 06:31:03 +0000 2018,KFC says it will break with its meat-loving tradition and begin testing a vegetarian alternative to chicken later t‚Ä¶ https://t.co/yC1M6C0AcC,0.0,0.0,1.0,0.0,2
@CNN,Sun Jun 10 06:16:00 +0000 2018,"Will we ever fly like the Jetsons? This company just unveiled its first commercial flying car, Flyer ‚Äî and‚Ä¶ https://t.co/zt61wtMtIJ",0.3612,0.122,0.878,0.0,3
@CNN,Sun Jun 10 06:01:07 +0000 2018,Organic matter has been found on Mars in soil samples the Curiosity rover took from 3 billion-year-old mudstone in‚Ä¶ https://t.co/pW8qsukDC7,0.0258,0.058,0.942,0.0,4
@CNN,Sun Jun 10 05:46:00 +0000 2018,Ever felt like your vacation would make a good blockbuster movie? This tour company aims to capture your travel exp‚Ä¶ https://t.co/1KCsSubDji,0.8519,0.354,0.646,0.0,5
@CNN,Sun Jun 10 05:31:08 +0000 2018,"Venezuela ranks as the most dangerous country in the world for the second straight year, according to a new Gallup‚Ä¶ https://t.co/lCw9dMhSmL",-0.3597,0.082,0.773,0.146,6
@CNN,Sun Jun 10 05:16:00 +0000 2018,IHOP says it's changing name to IHOb. Many major companies also have rebranded ‚Äî some successfully and some not so‚Ä¶ https://t.co/0J9zyNqpDw,0.4939,0.144,0.856,0.0,7
@CNN,Sun Jun 10 05:01:03 +0000 2018,Time cover gets Trump just right | By Michael D'Antonio via @CNNOpinion https://t.co/LImdABhqD6 https://t.co/c5TdPAmDT0,0.0,0.0,1.0,0.0,8
@CNN,Sun Jun 10 04:46:00 +0000 2018,BlackBerry still hopes its keyboard keeps fans coming back https://t.co/AodQi1UcNt https://t.co/kMHKkUk9Ar,0.4215,0.219,0.781,0.0,9
@CNN,Sun Jun 10 04:31:46 +0000 2018,A new television ad showing a gubernatorial candidate kissing his husband is the first political spot in US history‚Ä¶ https://t.co/oFAb0OQz6O,0.5719,0.179,0.821,0.0,10
@CNN,Sun Jun 10 04:16:00 +0000 2018,"One step on the island of Bermuda, and it's impossible not to be moved by its beauty, history, simplicity and charm‚Ä¶ https://t.co/OETLElsBV8",0.5859,0.153,0.847,0.0,11
@CNN,Sun Jun 10 04:01:04 +0000 2018,This is the poem a kindergarten teacher hung up so her students know what to do in a school shooting‚Ä¶ https://t.co/dw4JPKapFh,0.0,0.0,1.0,0.0,12
@CNN,Sun Jun 10 03:30:06 +0000 2018,The Trump administration's latest attack on Obamacare would gut protections for the sick https://t.co/4SScNIDSDP https://t.co/SmCnIP4Wwj,-0.7506,0.0,0.67,0.33,13
@CNN,Sun Jun 10 03:00:10 +0000 2018,"The week began with news of Trump canceling the Philadelphia Eagles' visit to the White House, and ended with news‚Ä¶ https://t.co/RnTSl1biuW",0.0,0.0,1.0,0.0,14
@CNN,Sun Jun 10 02:30:06 +0000 2018,"President Trump says his relationships with other Western leaders are perfect, but the truth is the transatlantic a‚Ä¶ https://t.co/SRmvcifksG",0.6486,0.238,0.762,0.0,15
@CNN,Sun Jun 10 02:00:55 +0000 2018,President Trump on the upcoming North Korea meeting: ‚ÄúI really feel confident. I feel that Kim Jong Un wants to do‚Ä¶ https://t.co/LYZrSETumR,0.539,0.148,0.852,0.0,16
@CNN,Sun Jun 10 01:39:24 +0000 2018,"RT @cnnbrk: After Trump reversed his position on a G7 statement, Sen. McCain said to US allies: ""Americans stand with you, even if our Pres‚Ä¶",0.0,0.0,1.0,0.0,17
@CNN,Sun Jun 10 01:30:15 +0000 2018,News of Anthony Bourdain‚Äôs death shook people around the world. We asked for your stories of how this gifted storyt‚Ä¶ https://t.co/FBT6PiNiuT,-0.6486,0.0,0.782,0.218,18
@CNN,Sun Jun 10 01:00:00 +0000 2018,"One step on the island of Bermuda, and it's impossible not to be moved by its beauty, history, simplicity and charm‚Ä¶ https://t.co/EFfFTW85e1",0.5859,0.153,0.847,0.0,19
@CNN,Sun Jun 10 00:30:08 +0000 2018,"As the millions of US children diagnosed with ADHD move into adulthood, more and more are wondering whether to cont‚Ä¶ https://t.co/KyyWswuJUN",0.0,0.0,1.0,0.0,20
@CNN,Sun Jun 10 00:03:12 +0000 2018,"President Trump calls Canadian Prime Minister Justin Trudeau ""very dishonest and weak,"" accusing him of making ""fal‚Ä¶ https://t.co/fj0JucTrXy",-0.6901,0.0,0.738,0.262,21
@CNN,Sun Jun 10 00:00:04 +0000 2018,"Does a pharmacy have an obligation to help a patient be sure that insurance will cover a prescription?

That's the‚Ä¶ https://t.co/luJqdfSzRj",0.6124,0.238,0.762,0.0,22
@CNN,Sat Jun 09 23:30:13 +0000 2018,Construction workers in the UK have found wads of cash dating back to World War II at a shop that once belonged to‚Ä¶ https://t.co/wYZnzHjRli,-0.5994,0.0,0.849,0.151,23
@CNN,Sat Jun 09 23:00:05 +0000 2018,"Charles Krauthammer, the famed conservative columnist, informed readers that he is confronting an aggressive form o‚Ä¶ https://t.co/xEzj6dMTcl",-0.296,0.0,0.824,0.176,24
@CNN,Sat Jun 09 22:58:33 +0000 2018,BREAKING: Justify wins the 150th running of the Belmont Stakes to win horse racing‚Äôs 13th Triple Crown https://t.co/TUE8Wwe8FS,0.8176,0.319,0.681,0.0,25
@CNN,Sat Jun 09 22:30:05 +0000 2018,The race to save the Great Barrier Reef? A coral fertility treatment designed to help damaged parts of the reef is‚Ä¶ https://t.co/3nTj0nA5h9,0.765,0.329,0.526,0.145,26
@CNN,Sat Jun 09 22:15:00 +0000 2018,"Tyler Soloman wiped tears of joy off his face after his father, who'd been deployed overseas, surprised Tyler by sh‚Ä¶ https://t.co/8rub7aG2Ej",0.5859,0.223,0.703,0.074,27
@CNN,Sat Jun 09 22:00:13 +0000 2018,News of Anthony Bourdain‚Äôs death shook people around the world. We asked for your stories of how this gifted storyt‚Ä¶ https://t.co/YYJPIxu1zN,-0.6486,0.0,0.782,0.218,28
@CNN,Sat Jun 09 21:53:00 +0000 2018,"First responders in Russellville, Arkansas, went above and beyond the call of duty to surprise a teen with autism a‚Ä¶ https://t.co/h96qLLu7qu",0.2732,0.1,0.9,0.0,29
@CNN,Sat Jun 09 21:45:05 +0000 2018,"Danny Kirwan, a guitarist who appeared on five of Fleetwood Mac's albums, died in London on Friday, according to th‚Ä¶ https://t.co/KUwHtJ6ins",-0.5574,0.0,0.841,0.159,30
@CNN,Sat Jun 09 21:37:48 +0000 2018,JUST IN: Canadian Prime Minister Justin Trudeau says he will impose retaliatory measures to answer President Trump'‚Ä¶ https://t.co/AiVDwmzMvV,-0.296,0.0,0.885,0.115,31
@CNN,Sat Jun 09 21:10:05 +0000 2018,"Her rare skin condition keeps her indoors, but she braved the sun to walk at graduation https://t.co/ZkdCAXZwUE https://t.co/k6YeRZ6lI0",0.5927,0.185,0.815,0.0,32
@CNN,Sat Jun 09 21:00:06 +0000 2018,An internal Census Bureau memo sent to Commerce Secretary Wilbur Ross warns that adding a citizenship question to t‚Ä¶ https://t.co/0AZC4nYfN2,-0.1027,0.0,0.928,0.072,33
@CNN,Sat Jun 09 20:50:07 +0000 2018,Secretary of State Mike Pompeo reiterated US calls for North Korea to completely rid itself of all remnants of its‚Ä¶ https://t.co/3RxJpEMn3K,0.0,0.0,1.0,0.0,34
@CNN,Sat Jun 09 20:40:09 +0000 2018,Syracuse University has suspended 15 members of a professional fraternity after they appeared in videos that the sc‚Ä¶ https://t.co/X6Bs6DkczE,-0.4767,0.0,0.846,0.154,35
@CNN,Sat Jun 09 20:30:08 +0000 2018,Porsche's first electric car will be called the Taycan https://t.co/Wxy5sh45nm https://t.co/3m7qXCcg2J,0.0,0.0,1.0,0.0,36
@CNN,Sat Jun 09 20:20:24 +0000 2018,"There was nobody like Anthony Bourdain, and there was no show like #PartsUnknown. CNN pays tribute with a special n‚Ä¶ https://t.co/9TgJMgP7Kc",0.6705,0.297,0.618,0.085,37
@CNN,Sat Jun 09 20:10:07 +0000 2018,"President Trump says his relationships with other Western leaders are perfect, but the truth is the transatlantic a‚Ä¶ https://t.co/o0UsVXeClf",0.6486,0.238,0.762,0.0,38
@CNN,Sat Jun 09 20:00:09 +0000 2018,"Prince Harry and Meghan, Duchess of Sussex, joined celebrations of Queen Elizabeth II's official birthday with the‚Ä¶ https://t.co/c6kvYJ2vwn",0.0,0.0,1.0,0.0,39
@CNN,Sat Jun 09 19:50:34 +0000 2018,President Trump on the upcoming North Korea meeting: ‚ÄúI really feel confident. I feel that Kim Jong Un wants to do‚Ä¶ https://t.co/9jM2GjrhxU,0.539,0.148,0.852,0.0,40
@CNN,Sat Jun 09 19:40:00 +0000 2018,"One step on the island of Bermuda, and it's impossible not to be moved by its beauty, history, simplicity and charm‚Ä¶ https://t.co/EOxmxM76Kk",0.5859,0.153,0.847,0.0,41
@CNN,Sat Jun 09 19:30:00 +0000 2018,"Will we ever fly like the Jetsons? This company just unveiled its first commercial flying car, Flyer ‚Äî and‚Ä¶ https://t.co/bZV351RYJz",0.3612,0.122,0.878,0.0,42
@CNN,Sat Jun 09 19:20:09 +0000 2018,A man in Texas nearly died after the severed head of a rattlesnake bit him https://t.co/bqHnciUgf3 https://t.co/NmnJLHs3Hz,-0.7269,0.0,0.681,0.319,43
@CNN,Sat Jun 09 19:17:02 +0000 2018,News of Anthony Bourdain‚Äôs death shook people around the world. We asked for your stories of how this gifted storyt‚Ä¶ https://t.co/lzZyRpT9Co,-0.6486,0.0,0.782,0.218,44
@CNN,Sat Jun 09 19:10:07 +0000 2018,"Authorities have found the remains of a woman killed by an alligator in Davie, Florida. The woman disappeared Frida‚Ä¶ https://t.co/MlDdA6jk5h",-0.7506,0.0,0.726,0.274,45
@CNN,Sat Jun 09 19:00:08 +0000 2018,The small (but not insignificant) ways Anthony Bourdain made a difference in the lives of some everyday people‚Ä¶ https://t.co/TMK8f9nYfC,0.0,0.0,1.0,0.0,46
@CNN,Sat Jun 09 18:50:01 +0000 2018,"In the history of horse racing, only 12 horses have ever won the fabled Triple Crown. But why is this trophy so dif‚Ä¶ https://t.co/gDu0o6AgPX",0.3291,0.093,0.907,0.0,47
@CNN,Sat Jun 09 18:40:00 +0000 2018,"President Trump, while making remarks at the G7 summit, says he has not spoken to Vladimir Putin in ""quite a while,‚Ä¶ https://t.co/4qmAImsiL4",0.0,0.0,1.0,0.0,48
@CNN,Sat Jun 09 18:30:14 +0000 2018,This computer can do more calculations per second than the world's population could do in a year‚Ä¶ https://t.co/wqlDQvYF3L,0.0,0.0,1.0,0.0,49
@CNN,Sat Jun 09 18:20:06 +0000 2018,"At the G7 meeting, President Trump called for an end to tariffs and scolded other countries for using the United St‚Ä¶ https://t.co/KG7SFGii09",0.4215,0.118,0.882,0.0,50
@CNN,Sat Jun 09 18:10:00 +0000 2018,BlackBerry still hopes its keyboard keeps fans coming back https://t.co/AodQi1CBVV https://t.co/8KbIHW3k74,0.4215,0.219,0.781,0.0,51
@CNN,Sat Jun 09 18:00:06 +0000 2018,The race to save the Great Barrier Reef? A coral fertility treatment designed to help damaged parts of the reef is‚Ä¶ https://t.co/MD6vhMxOh8,0.765,0.329,0.526,0.145,52
@CNN,Sat Jun 09 17:50:06 +0000 2018,"What is a tariff? Your trade questions, answered https://t.co/AIJVEEOzHM https://t.co/HT5UJDzzjl",0.0,0.0,1.0,0.0,53
@CNN,Sat Jun 09 17:40:05 +0000 2018,A Sikh soldier wore a turban in Queen Elizabeth ll's official birthday parade https://t.co/LK0fihnFB2 https://t.co/142baFgcVA,0.0,0.0,1.0,0.0,54
@CNN,Sat Jun 09 17:27:05 +0000 2018,A former diplomat at the Vatican Embassy in Washington has been indicted by a Vatican court for possession of child‚Ä¶ https://t.co/CSRKlOzeg8,0.0,0.0,1.0,0.0,55
@CNN,Sat Jun 09 17:18:43 +0000 2018,Simona Halep wins first grand slam title by beating Sloane Stephens at the French Open https://t.co/0tMJbvB40e https://t.co/s3YRroOgXu,0.2732,0.265,0.514,0.221,56
@CNN,Sat Jun 09 16:59:35 +0000 2018,President Trump doubles down on his call for Russia to be readmitted into the G7 and blames former President Obama‚Ä¶ https://t.co/3zkWB92wwY,-0.4019,0.0,0.881,0.119,57
@CNN,Sat Jun 09 16:47:11 +0000 2018,The Trump administration's latest attack on Obamacare would gut protections for the sick https://t.co/ikBcCkGeAT https://t.co/ehXI4vF0vc,-0.7506,0.0,0.67,0.33,58
@CNN,Sat Jun 09 16:36:04 +0000 2018,Construction workers in the UK have found wads of cash dating back to World War II at a shop that once belonged to‚Ä¶ https://t.co/Zuo9XcYf9a,-0.5994,0.0,0.849,0.151,59
@CNN,Sat Jun 09 16:26:06 +0000 2018,"Anthony Bourdain's fans turned the restaurant where he shot to fame as a chef into a memorial, leaving roses and no‚Ä¶ https://t.co/5fg9y1cERL",0.4404,0.132,0.868,0.0,60
@CNN,Sat Jun 09 16:14:06 +0000 2018,"Hall of Fame trainer Bob Baffert, who is looking to make history with a win today at the Belmont Stakes, compares h‚Ä¶ https://t.co/sUsVNh98tA",0.7717,0.251,0.749,0.0,61
@CNN,Sat Jun 09 16:00:03 +0000 2018,"The week began with news of Trump canceling the Philadelphia Eagles' visit to the White House, and ended with news‚Ä¶ https://t.co/H1ILtBxF1W",0.0,0.0,1.0,0.0,62
@CNN,Sat Jun 09 15:50:29 +0000 2018,Illinois Republicans in Congress are making an urgent plea to President Trump: Don't let Rod Blagojevich off the ho‚Ä¶ https://t.co/L4UPCaV1kD,0.2023,0.087,0.913,0.0,63
@CNN,Sat Jun 09 15:38:05 +0000 2018,Former Trump campaign chairman Paul Manafort and his attorneys struck back at special counsel Robert Mueller's char‚Ä¶ https://t.co/m4eIhVUiWL,0.1779,0.13,0.773,0.097,64
@CNN,Sat Jun 09 15:27:34 +0000 2018,"Charles Krauthammer, the famed conservative columnist, informed readers that he is confronting an aggressive form o‚Ä¶ https://t.co/7vTbQ8M6D8",-0.296,0.0,0.824,0.176,65
@CNN,Sat Jun 09 15:13:56 +0000 2018,"Prince Harry and Meghan, Duchess of Sussex, joined celebrations of Queen Elizabeth II's official birthday with the‚Ä¶ https://t.co/UkiwKzYsxC",0.0,0.0,1.0,0.0,66
@CNN,Sat Jun 09 14:57:06 +0000 2018,Republicans haven't won statewide in Virginia since 2009. Tuesday's Senate primary shows why:‚Ä¶ https://t.co/xkWpPfkUCE,-0.4585,0.0,0.813,0.187,67
@CNN,Sat Jun 09 14:43:08 +0000 2018,President Trump says he thinks he‚Äôll know ‚Äúwithin the first minute‚Äù if North Korea is serious about peace‚Ä¶ https://t.co/kRdFefn4fN,-0.0772,0.0,0.933,0.067,68
@CNN,Sat Jun 09 14:36:51 +0000 2018,"RT @CNNPolitics: Trump: ""I think it would be asset to have Russia back in. I think it would be good for the world. I think it would be good‚Ä¶",0.6597,0.178,0.822,0.0,69
@CNN,Sat Jun 09 14:30:03 +0000 2018,"""Consumer Financial Protection Bureau acting director Mick Mulvaney has ousted a committed group of experts who vol‚Ä¶ https://t.co/l36frkFEtw",0.2732,0.116,0.884,0.0,70
@CNN,Sat Jun 09 14:24:10 +0000 2018,President Trump on the upcoming North Korea meeting: ‚ÄúI really feel confident. I feel that Kim Jong Un wants to do‚Ä¶ https://t.co/D0Fi57k3zj,0.539,0.148,0.852,0.0,71
@CNN,Sat Jun 09 14:20:07 +0000 2018,Things don't look good for Dodge and Chrysler https://t.co/twYdKzCpZ4 https://t.co/9aKZvGnuQG,-0.3412,0.0,0.789,0.211,72
@CNN,Sat Jun 09 14:18:20 +0000 2018,"President Trump: Trade was ""at the top of the list"" at G7 discussions because ""the United States has been taken adv‚Ä¶ https://t.co/u6247HzPsj",0.5574,0.187,0.813,0.0,73
@CNN,Sat Jun 09 14:16:21 +0000 2018,President Trump is speaking at the G7 before heading to Singapore for the summit with Kim Jong Un. Watch live on CN‚Ä¶ https://t.co/dNYLQOvVEk,0.0,0.0,1.0,0.0,74
@CNN,Sat Jun 09 14:09:49 +0000 2018,President Trump is planning to depart the G7 ahead of climate change talks https://t.co/bfFqMKTIrg https://t.co/6PkzSs4guA,0.0,0.0,1.0,0.0,75
@CNN,Sat Jun 09 14:01:04 +0000 2018,Former President Obama says he‚Äôll always remember the meal he shared with Anthony Bourdain in Vietnam: ‚ÄúHe taught u‚Ä¶ https://t.co/XI67jcoy55,0.34,0.112,0.888,0.0,76
@CNN,Sat Jun 09 13:46:07 +0000 2018,President Trump's tariffs on steel and aluminum threaten America's booming RV industry https://t.co/FxOEFN6Sx2 https://t.co/zpDj0uGxRI,-0.3818,0.0,0.833,0.167,77
@CNN,Sat Jun 09 13:31:03 +0000 2018,"What is a tariff? Your trade questions, answered https://t.co/8Fylq20zXj https://t.co/pSfQJhAnZR",0.0,0.0,1.0,0.0,78
@CNN,Sat Jun 09 13:26:05 +0000 2018,The Duke and Duchess of Sussex celebrate Queen Elizabeth II's official birthday with the traditional Trooping the C‚Ä¶ https://t.co/L2o8IJcNej,0.5719,0.171,0.829,0.0,79
@CNN,Sat Jun 09 13:16:00 +0000 2018,"One step on the island of Bermuda, and it's impossible not to be moved by its beauty, history, simplicity and charm‚Ä¶ https://t.co/mPpGOqifbk",0.5859,0.153,0.847,0.0,80
@CNN,Sat Jun 09 13:01:05 +0000 2018,"As the millions of US children diagnosed with ADHD move into adulthood, more and more are wondering whether to cont‚Ä¶ https://t.co/Qs5xlj8fwK",0.0,0.0,1.0,0.0,81
@CNN,Sat Jun 09 12:53:19 +0000 2018,"Fans around the world mourn chef and storyteller Anthony Bourdain, sharing memories of how his travels, food and co‚Ä¶ https://t.co/jiW8HhY9ia",0.0,0.119,0.763,0.119,82
@CNN,Sat Jun 09 12:46:08 +0000 2018,"Does a pharmacy have an obligation to help a patient be sure that insurance will cover a prescription?

That's the‚Ä¶ https://t.co/2Jxsnx7cI0",0.6124,0.238,0.762,0.0,83
@CNN,Sat Jun 09 12:31:06 +0000 2018,Twitter has had a stunning turnaround https://t.co/hzutT84IrC https://t.co/AK7R50K5mh,0.3818,0.302,0.698,0.0,84
@CNN,Sat Jun 09 12:16:00 +0000 2018,IHOP says it's changing name to IHOb. Many major companies also have rebranded ‚Äî some successfully and some not so‚Ä¶ https://t.co/Xz5NjtpaqH,0.4939,0.144,0.856,0.0,85
@CNN,Sat Jun 09 12:01:03 +0000 2018,Mars is suddenly more interesting | By Jonathan Lunine via @CNNOpinion https://t.co/EA2ETHIldR https://t.co/fgmZax7nwV,0.4576,0.214,0.786,0.0,86
@CNN,Sat Jun 09 11:52:04 +0000 2018,Construction workers in the UK have found wads of cash dating back to World War II at a shop that once belonged to‚Ä¶ https://t.co/TYdsjSziK7,-0.5994,0.0,0.849,0.151,87
@CNN,Sat Jun 09 11:46:00 +0000 2018,"During her commencement address to the MIT Class of 2018, Facebook COO Sheryl Sandberg spoke candidly about Faceboo‚Ä¶ https://t.co/hznkJTzAPH",0.0,0.0,1.0,0.0,88
@CNN,Sat Jun 09 11:31:05 +0000 2018,"Charles Krauthammer, the famed conservative columnist, informed readers that he is confronting an aggressive form o‚Ä¶ https://t.co/H6R3LykoER",-0.296,0.0,0.824,0.176,89
@CNN,Sat Jun 09 11:16:00 +0000 2018,"Will we ever fly like the Jetsons? This company just unveiled its first commercial flying car, Flyer ‚Äî and‚Ä¶ https://t.co/uRJsH7yPmG",0.3612,0.122,0.878,0.0,90
@CNN,Sat Jun 09 11:01:06 +0000 2018,The race to save the Great Barrier Reef? A coral fertility treatment designed to help damaged parts of the reef is‚Ä¶ https://t.co/AGpnS1dn0C,0.765,0.329,0.526,0.145,91
@CNN,Sat Jun 09 10:31:49 +0000 2018,"Organizers of a fashion show in Saudi Arabia used drones to display female clothes, drawing ridicule on social medi‚Ä¶ https://t.co/cgo5HTjIJd",-0.4588,0.0,0.857,0.143,92
@CNN,Sat Jun 09 10:16:00 +0000 2018,"From delivery to aviation, Dubai is at the forefront of drone experimentation. Here's a look at what the future hol‚Ä¶ https://t.co/IZMve8IRLb",0.0,0.0,1.0,0.0,93
@CNN,Sat Jun 09 10:01:03 +0000 2018,Are windowless planes the future of travel? https://t.co/Fjc2m6WgtG https://t.co/ux29QpKXWA,0.0,0.0,1.0,0.0,94
@CNN,Sat Jun 09 09:31:04 +0000 2018,"Hurricanes and tropical storms are moving more slowly around the planet, resulting in higher rainfall and more extr‚Ä¶ https://t.co/8qyqjq9IGd",0.0,0.0,1.0,0.0,95
@CNN,Sat Jun 09 09:29:10 +0000 2018,"The Afghan Taliban called for a three-day ceasefire with Afghan forces over the Eid al-Fitr holiday, a move that fo‚Ä¶ https://t.co/BLmTAtjmRg",0.4019,0.13,0.87,0.0,96
@CNN,Sat Jun 09 09:16:00 +0000 2018,"Tyler Soloman wiped tears of joy off his face after his father, who'd been deployed overseas, surprised Tyler by sh‚Ä¶ https://t.co/uzD0GNZH2P",0.5859,0.223,0.703,0.074,97
@CNN,Sat Jun 09 09:01:21 +0000 2018,"Penguins, Seals, and Krill: Antarctica's fragile food chain | via @CNNVR https://t.co/1BBRFfOzWk https://t.co/G46D0CB0wY",0.0,0.0,1.0,0.0,98
@CNN,Sat Jun 09 08:31:08 +0000 2018,Anthony Bourdain's life in pictures https://t.co/76sjWPlMRR https://t.co/MtFAqaoDvC,0.0,0.0,1.0,0.0,99
@CNN,Sat Jun 09 08:29:13 +0000 2018,"The US Embassy in Mozambique has warned of ""imminent attacks"" against government and commercial centers in a northe‚Ä¶ https://t.co/EoDJsFFoOM",-0.6124,0.0,0.762,0.238,100
@FoxNews,Sun Jun 10 07:10:00 +0000 2018,".@hogangidley45 on @dennisrodman supporting @POTUS: ""[Dennis Rodman] knows what's best, I'll give him that, because‚Ä¶ https://t.co/UoMib8Giew",0.7964,0.336,0.664,0.0,1
@FoxNews,Sun Jun 10 07:05:00 +0000 2018,"Former @NFL player @JackBrewerBSI: ""We're all Americans. We're in the same family. Families fight, families quarrel‚Ä¶ https://t.co/d8SJXdb3qC",-0.3818,0.0,0.86,0.14,2
@FoxNews,Sun Jun 10 07:00:01 +0000 2018,".@RealDeanCain on @POTUS' first 500 days in office: ""I think it's been pretty darn good, but you wouldn't know that‚Ä¶ https://t.co/MDk4F75pty",0.4678,0.176,0.824,0.0,3
@FoxNews,Sun Jun 10 06:55:00 +0000 2018,"Triple Crown winners through the years, from Justify to Sir Barton https://t.co/aorwqzTRWs https://t.co/P5L0xM05Jo",0.4767,0.205,0.795,0.0,4
@FoxNews,Sun Jun 10 06:49:00 +0000 2018,"Reporter: ""Do you think Crimea should be recognized as Russia at this point?""

.@POTUS: ""You'd have to ask Presiden‚Ä¶ https://t.co/FjyNYHux5r",0.0,0.0,1.0,0.0,5
@FoxNews,Sun Jun 10 06:46:00 +0000 2018,"At a press briefing yesterday, President @realDonaldTrump said that the U.S. would no longer be a piggy bank robbed‚Ä¶ https://t.co/IQtxaNaVZW",-0.296,0.0,0.885,0.115,6
@FoxNews,Sun Jun 10 06:42:00 +0000 2018,Veteran claims his stolen Facebook photos were used to catfish 30 women during deployment https://t.co/74q2p7uTn3,-0.4939,0.0,0.814,0.186,7
@FoxNews,Sun Jun 10 06:38:00 +0000 2018,Soldier killed in Somalia ID'd as 8-year Army veteran from Arizona https://t.co/O2b0EuWsHv https://t.co/coIYmb5Vfz,-0.6705,0.0,0.727,0.273,8
@FoxNews,Sun Jun 10 06:33:00 +0000 2018,"""If anybody can do it, [President @realDonaldTrump] can.""

On ""Justice,"" @JudgeJeanine hit the streets of New York‚Ä¶ https://t.co/3y8Z4ARJXU",0.0,0.0,1.0,0.0,9
@FoxNews,Sun Jun 10 06:28:00 +0000 2018,U.S. Markets - So far this year. https://t.co/bR4Yi8L75G,0.0,0.0,1.0,0.0,10
@FoxNews,Sun Jun 10 06:24:00 +0000 2018,SNACK TIME: One hungry squirrel didn't mind having an audience while enjoying an avocado in a Manhattan flowerbed. https://t.co/U8PqJfu3NS,0.5267,0.167,0.833,0.0,11
@FoxNews,Sun Jun 10 06:20:00 +0000 2018,Video footage  shows toddler escaping bedroom with help from family dogs https://t.co/za57HuZuWS,0.4404,0.281,0.719,0.0,12
@FoxNews,Sun Jun 10 06:15:00 +0000 2018,"""I wouldn't have ever guessed that I would be a military wife at 21.""

On #OutnumberedOT, Meg and Jacob Howell shar‚Ä¶ https://t.co/X7kTxfm2c2",0.0,0.0,1.0,0.0,13
@FoxNews,Sun Jun 10 06:10:00 +0000 2018,"Road rage victim was suspect in separate road rage case, authorities say https://t.co/AaGFf0F69B",-0.8885,0.0,0.439,0.561,14
@FoxNews,Sun Jun 10 06:05:00 +0000 2018,".@hogangidley45: ""So many people on the left hate this president more than they love this country.""  @JudgeJeanine https://t.co/Q3iY6Ek7yP",0.1935,0.185,0.662,0.153,15
@FoxNews,Sun Jun 10 06:00:01 +0000 2018,"Kim Jong Un and Donald Trump impersonators pose for photographs at the Merlion Park, a popular tourist destination‚Ä¶ https://t.co/7vHZqNtDaV",0.4215,0.141,0.859,0.0,16
@FoxNews,Sun Jun 10 05:54:00 +0000 2018,"President @realDonaldTrump promises ""America First"" throughout 2016. https://t.co/dmGvXordQE",0.3818,0.271,0.729,0.0,17
@FoxNews,Sun Jun 10 05:49:00 +0000 2018,".@POTUS: ""The U.S. press is very dishonest, much of it, not all of it."" https://t.co/jvlVhtXXkC",-0.6115,0.0,0.778,0.222,18
@FoxNews,Sun Jun 10 05:45:00 +0000 2018,"Man threatened attack against Harvard's black commencement, authorities say https://t.co/YWiPHVH6Ck",-0.7269,0.0,0.567,0.433,19
@FoxNews,Sun Jun 10 05:40:00 +0000 2018,"Britain's Queen Elizabeth, Prince Charles, Meghan Duchess of Sussex, Prince Harry, Kate Duchess of Cambridge and Pr‚Ä¶ https://t.co/o80UMUQsNg",0.0,0.0,1.0,0.0,20
@FoxNews,Sun Jun 10 05:35:00 +0000 2018,".@TheRealJohnHCox: ""@GavinNewsom is Exhibit A in craven politicians."" https://t.co/8jMgVcSDMw",0.0,0.0,1.0,0.0,21
@FoxNews,Sun Jun 10 05:30:00 +0000 2018,".@RCamposDuffy: ""Republicans and especially Republican women and Republican or conservative minorities have always‚Ä¶ https://t.co/cVuVhH5Vcg",0.0,0.0,1.0,0.0,22
@FoxNews,Sun Jun 10 05:27:00 +0000 2018,"""The United States has been taken advantage of for decades and decades and we can't do that anymore.""

WATCH: Presi‚Ä¶ https://t.co/lHg3zNMGat",0.5859,0.202,0.798,0.0,23
@FoxNews,Sun Jun 10 05:23:00 +0000 2018,Mom recovering from severe burns after fire that killed 5 children https://t.co/Vna4taz9Aa,-0.8591,0.0,0.457,0.543,24
@FoxNews,Sun Jun 10 05:20:00 +0000 2018,".@RepMattGaetz: ""This is Donald Trump's America. It's the Trump economy, it's roaring. People are confident, busine‚Ä¶ https://t.co/lLKlk1IHBo",0.4939,0.167,0.833,0.0,25
@FoxNews,Sun Jun 10 05:15:00 +0000 2018,Do you agree with @SenSanders? https://t.co/hviPu7HMHO,0.3612,0.333,0.667,0.0,26
@FoxNews,Sun Jun 10 05:10:00 +0000 2018,"When deputies arrested a suspected auto thief Friday, they were surprised to find a tiny accomplice riding with him‚Ä¶ https://t.co/7f8tENglJO",-0.7579,0.078,0.576,0.346,27
@FoxNews,Sun Jun 10 05:05:00 +0000 2018,Jockey Mike Smith celebrates atop of Justify after winning the coveted Triple Crown at the Belmont Stakes.‚Ä¶ https://t.co/haCTJbVYla,0.7964,0.307,0.693,0.0,28
@FoxNews,Sun Jun 10 05:00:01 +0000 2018,".@chrisprudhome: ""In my eyes, [President @realDonaldTrump is] doing more for minority members of the community than‚Ä¶ https://t.co/l0x9dcObfi",0.0,0.0,1.0,0.0,29
@FoxNews,Sun Jun 10 04:53:17 +0000 2018,"Trooper Michael Patterson got the surprise of a lifetime when he pulled over Matthew Bailly, a retired police offic‚Ä¶ https://t.co/5Sdt3Miimy",0.2732,0.11,0.89,0.0,30
@FoxNews,Sun Jun 10 04:49:00 +0000 2018,Fox News Poll: 52% approve of President @realDonaldTrump's handling of the economy. https://t.co/qZrQ8QmBsm https://t.co/5c3aXEdwkG,0.0,0.0,1.0,0.0,31
@FoxNews,Sun Jun 10 04:45:00 +0000 2018,.@replouiegohmert Slams Russia Probe Spending: Mueller Has 'Absolutely Blown Taxpayer Dollars' https://t.co/Xe5BeKGHtL,0.0,0.0,1.0,0.0,32
@FoxNews,Sun Jun 10 04:40:00 +0000 2018,".@JudgeJeanine: ""@realDonaldTrump is bringing America back in front of our eyes and it's time for the un-American h‚Ä¶ https://t.co/dpsSc2qlwg",0.0,0.0,1.0,0.0,33
@FoxNews,Sun Jun 10 04:35:00 +0000 2018,"State-level Dems funneled $84M to @HillaryClinton's campaign, lawsuit alleges https://t.co/2Xk78xbeXH",-0.2023,0.1,0.727,0.173,34
@FoxNews,Sun Jun 10 04:30:00 +0000 2018,Border arrests spike. https://t.co/bxJVEDbIZi https://t.co/88XUzFhVtp,-0.4404,0.0,0.58,0.42,35
@FoxNews,Sun Jun 10 04:27:00 +0000 2018,.@realDonaldTrump and Kim Jong Un impersonators arrive in Singapore. https://t.co/rrPmTstiXK,0.0,0.0,1.0,0.0,36
@FoxNews,Sun Jun 10 04:25:00 +0000 2018,".@SecretaryZinke: ""We could end the war. It's absolutely astonishing what @POTUS has done."" https://t.co/QyXZHyPE1s",-0.5994,0.0,0.769,0.231,37
@FoxNews,Sun Jun 10 04:20:00 +0000 2018,".@KellyannePolls: ""[President @realDonaldTrump is] very open to differing opinions and viewpoints. He's a master ne‚Ä¶ https://t.co/ZhYfrwVMME",0.0,0.0,1.0,0.0,38
@FoxNews,Sun Jun 10 04:15:00 +0000 2018,"1,000 illegal immigrants bused to California federal prison for detention https://t.co/B3t12DbUSU",-0.8555,0.0,0.46,0.54,39
@FoxNews,Sun Jun 10 04:10:00 +0000 2018,.@replouiegohmert: ‚ÄúRobert Mueller has done more damage during his 12 years as @FBI director than‚Ä¶ probably all the‚Ä¶ https://t.co/K4NRurznyS,-0.5413,0.0,0.837,0.163,40
@FoxNews,Sun Jun 10 04:05:00 +0000 2018,"On @WattersWorld, @RepMattGaetz slammed House Democratic Leader @NancyPelosi over her criticism on the nation's nea‚Ä¶ https://t.co/BVHMuhOSV3",-0.4404,0.0,0.838,0.162,41
@FoxNews,Sun Jun 10 04:00:00 +0000 2018,.@billclinton defends @alfranken. https://t.co/ydTlRCXD1G,0.0,0.0,1.0,0.0,42
@FoxNews,Sun Jun 10 03:51:00 +0000 2018,"SeaWorld getting rid of plastic straws, plastic bags at all US parks https://t.co/BaFhenJVwc",0.0,0.0,1.0,0.0,43
@FoxNews,Sun Jun 10 03:42:00 +0000 2018,"David Rivkin on @POTUS' power to self pardon: ""To say the president is above the law begs the question of what the‚Ä¶ https://t.co/NbsN1OZe7V",0.3182,0.095,0.905,0.0,44
@FoxNews,Sun Jun 10 03:34:00 +0000 2018,"Mom loses ovaries, uterus and toes after IUD ends up in stomach https://t.co/0Y1ppHNcG2",-0.3182,0.0,0.839,0.161,45
@FoxNews,Sun Jun 10 03:28:00 +0000 2018,"Nile Gardiner: ""You have protectionist tariffs on both sides of the Atlantic, from the United States but also from‚Ä¶ https://t.co/frdezUhJxM",0.2263,0.091,0.909,0.0,46
@FoxNews,Sun Jun 10 03:21:00 +0000 2018,'Jersey Shore' star Mike 'The Situation' Sorrentino will face tax evasion sentencing this fall https://t.co/uNHZJTD9G6,-0.1531,0.0,0.897,0.103,47
@FoxNews,Sun Jun 10 03:14:00 +0000 2018,"President @realDonaldTrump promises ""America First"" throughout 2016. https://t.co/8XoWVhSRwQ",0.3818,0.271,0.729,0.0,48
@FoxNews,Sun Jun 10 03:07:00 +0000 2018,#MeghanMarkle criticized for ‚Äòinappropriate‚Äô off the shoulder dress at Queen‚Äôs birthday parade https://t.co/z0dRzcjI5s,-0.3612,0.0,0.828,0.172,49
@FoxNews,Sun Jun 10 03:00:00 +0000 2018,".@GrecianFormula on NK summit: ""My fear here is, I do not want [@POTUS] to give Kim Jong Un that handshake that wil‚Ä¶ https://t.co/DYkfdTrQ8g",-0.5302,0.0,0.819,0.181,50
@FoxNews,Sun Jun 10 02:53:00 +0000 2018,"Florida man arrested for mid-flight battery against flight attendant, calling her racial slur and ‚Äòtoo big for this‚Ä¶ https://t.co/kuyOsXOW2L",-0.4767,0.0,0.853,0.147,51
@FoxNews,Sun Jun 10 02:46:00 +0000 2018,.@MrJoshuaRogers: There's just one way to marry the right person (and anyone can do it) https://t.co/U5JVjrWjpn,0.0,0.0,1.0,0.0,52
@FoxNews,Sun Jun 10 02:39:55 +0000 2018,"Indiana teacher survives school shooting, Las Vegas massacre https://t.co/fVMuxh9X5r",0.0,0.0,1.0,0.0,53
@FoxNews,Sun Jun 10 02:34:00 +0000 2018,"#MeghanMarkle attends annual Trooping the Colour parade, makes Buckingham Palace balcony debut https://t.co/k7kWpRHROu",0.0,0.0,1.0,0.0,54
@FoxNews,Sun Jun 10 02:31:33 +0000 2018,"#Trump slams Canadian PM as 'dishonest and weak,' pulls back on G-7 communique endorsement https://t.co/qwhvuGOwv9 https://t.co/YQ4KetNFAq",-0.34,0.115,0.7,0.185,55
@FoxNews,Sun Jun 10 02:23:16 +0000 2018,"Son of Farrah Fawcett, Ryan O'Neal charged with attempted murder, authorities say https://t.co/4XZWmjULRN",-0.7579,0.0,0.629,0.371,56
@FoxNews,Sun Jun 10 02:15:19 +0000 2018,".@RealDeanCain on @POTUS' first 500 days in office: ""I think it's been pretty darn good, but you wouldn't know that‚Ä¶ https://t.co/hraDkj3LwV",0.4678,0.176,0.824,0.0,57
@FoxNews,Sun Jun 10 02:06:33 +0000 2018,"""If anybody can do it, [President @realDonaldTrump] can.""

On ""Justice,"" @JudgeJeanine hit the streets of New York‚Ä¶ https://t.co/x2B6TMxzrS",0.0,0.0,1.0,0.0,58
@FoxNews,Sun Jun 10 02:05:00 +0000 2018,Speaking Saturday about the upcoming North Korea summit at the Faith and Freedom Coalition ‚ÄúRoad to Majority‚Äù Conve‚Ä¶ https://t.co/mb5jxUmj1f,0.7906,0.292,0.708,0.0,59
@FoxNews,Sun Jun 10 01:51:36 +0000 2018,"Warriors coach Steve Kerr praises LeBron James, compares him to Michael Jordan, report says https://t.co/GFNhAcWjtl",0.5267,0.195,0.805,0.0,60
@FoxNews,Sun Jun 10 01:44:59 +0000 2018,Officials order new evacuations as Colorado wildfires rage on https://t.co/CHxtJP68Lp,-0.5574,0.0,0.714,0.286,61
@FoxNews,Sun Jun 10 01:44:34 +0000 2018,".@ChristopherHahn on Bill Maher's comments about @POTUS: ""I don't think it's gonna take a recession to defeat‚Ä¶ https://t.co/vBHNGT9JNI",-0.4215,0.0,0.851,0.149,62
@FoxNews,Sun Jun 10 01:40:32 +0000 2018,".@ChristopherHahn on NK summit: ""I hope @realDonaldTrump gets along better with Kim Jong Un than he did with‚Ä¶ https://t.co/90m2HxniCb",0.7003,0.254,0.746,0.0,63
@FoxNews,Sun Jun 10 01:38:15 +0000 2018,".@DarrellIssa: ""[@POTUS] has a great deal of common sense to know that everything we tried for 67 years doesn't wor‚Ä¶ https://t.co/fYGu6PX2kk",0.6249,0.177,0.823,0.0,64
@FoxNews,Sun Jun 10 01:37:20 +0000 2018,".@DarrellIssa: ""One of the challenges that other presidents faced that [@POTUS] doesn't is they wanna be seen in hi‚Ä¶ https://t.co/2SGKqO8TQB",0.0772,0.064,0.936,0.0,65
@FoxNews,Sun Jun 10 01:32:57 +0000 2018,".@hogangidley45 on illegal immigrant crime statistics: ""The sad part is, these crimes are 100 percent preventable.‚Ä¶ https://t.co/Z1nEuAnR2h",-0.8807,0.0,0.579,0.421,66
@FoxNews,Sun Jun 10 01:30:12 +0000 2018,".@hogangidley45 on illegal immigrant crime statistics: ""We are not getting the best of the best from these other co‚Ä¶ https://t.co/Vlqp9bH3CE",-0.9305,0.0,0.536,0.464,67
@FoxNews,Sun Jun 10 01:26:52 +0000 2018,".@hogangidley45 on @dennisrodman supporting @POTUS: ""[Dennis Rodman] knows what's best, I'll give him that, because‚Ä¶ https://t.co/mTQsizi2LQ",0.7964,0.336,0.664,0.0,68
@FoxNews,Sun Jun 10 01:25:00 +0000 2018,SUNDAY: @BretBaier is live in Singapore ahead of President @realDonaldTrump‚Äôs historic summit with North Korean lea‚Ä¶ https://t.co/QHl8nHgfyM,0.0,0.0,1.0,0.0,69
@FoxNews,Sun Jun 10 01:23:47 +0000 2018,".@hogangidley45: ""So many people on the Left hate this president more than they love this country.""  @JudgeJeanine https://t.co/UIkcGTklSc",0.1935,0.185,0.662,0.153,70
@FoxNews,Sun Jun 10 01:18:44 +0000 2018,".@JudgeJeanine: ""@realDonaldTrump is bringing America back in front of our eyes and it's time for the unAmerican ha‚Ä¶ https://t.co/LyLZpFj6Rn",0.0,0.0,1.0,0.0,71
@FoxNews,Sun Jun 10 01:10:00 +0000 2018,Couple gets engaged at Trader Joe‚Äôs during ‚Äòmillennial grocery tour‚Äô https://t.co/9NLYqzwzdz,0.4019,0.213,0.787,0.0,72
@FoxNews,Sun Jun 10 01:06:03 +0000 2018,".@realDonaldTrump slams Canadian PM as 'dishonest and weak,' pulls back on G-7 communique endorsement https://t.co/CyHjtR10cz",-0.34,0.121,0.684,0.195,73
@FoxNews,Sun Jun 10 01:03:09 +0000 2018,"Ahead of the North Korea summit, @VP Mike Pence said he assured Otto Warmbier's family that their son ""will not hav‚Ä¶ https://t.co/wGvqt2XNnd",0.3612,0.106,0.894,0.0,74
@FoxNews,Sun Jun 10 01:01:00 +0000 2018,"TSA searches 96-year-old woman in wheelchair in viral video, sparking outrage https://t.co/ruX7CBshrg",-0.5106,0.0,0.769,0.231,75
@FoxNews,Sun Jun 10 00:59:12 +0000 2018,#Trump says US is like a 'piggy bank that everybody is robbing' on trade https://t.co/PK8qw7lxvW,0.3612,0.161,0.839,0.0,76
@FoxNews,Sun Jun 10 00:48:12 +0000 2018,".@RepMattGaetz: ""This is Donald Trump's America. It's the Trump economy, it's roaring. People are confident, busine‚Ä¶ https://t.co/wZMGzvhYgi",0.4939,0.167,0.833,0.0,77
@FoxNews,Sun Jun 10 00:46:12 +0000 2018,".@RepMattGaetz: ""As Republicans, we love when @NancyPelosi talks about the economy."" @WattersWorld https://t.co/cCIxsAm8NV",0.6369,0.259,0.741,0.0,78
@FoxNews,Sun Jun 10 00:41:22 +0000 2018,".@KellyannePolls: ""It's through the president's leadership and stewardship that @SecPompeo has been over to North K‚Ä¶ https://t.co/CqUyx8gzuR",0.0,0.0,1.0,0.0,79
@FoxNews,Sun Jun 10 00:34:42 +0000 2018,".@KellyannePolls: ""[President @realDonaldTrump is] very open to differing opinions and viewpoints. He's a master ne‚Ä¶ https://t.co/z7mDmPDjMi",0.0,0.0,1.0,0.0,80
@FoxNews,Sun Jun 10 00:30:54 +0000 2018,Jockey Mike Smith celebrates atop of Justify after winning the coveted Triple Crown at the Belmont Stakes.‚Ä¶ https://t.co/lUG6e16WfK,0.7964,0.307,0.693,0.0,81
@FoxNews,Sun Jun 10 00:30:00 +0000 2018,SUNDAY: Don‚Äôt miss @FoxNewsSunday from Singapore ahead of President @realDonaldTrump‚Äôs historic meeting with North‚Ä¶ https://t.co/cF2Y1xLD4Y,-0.1531,0.0,0.897,0.103,82
@FoxNews,Sun Jun 10 00:20:34 +0000 2018,".@jasonsehorn on national anthem protests: ""Their actual message of what they're trying to get across is being lost‚Ä¶ https://t.co/KO4yaWJG4Y",-0.2263,0.0,0.905,0.095,83
@FoxNews,Sun Jun 10 00:12:34 +0000 2018,"Former @NFL player @JackBrewerBSI: ""We're all Americans. We're in the same family. Families fight, families quarrel‚Ä¶ https://t.co/hswCr90kiS",-0.3818,0.0,0.86,0.14,84
@FoxNews,Sun Jun 10 00:05:47 +0000 2018,OPINION: Justify‚Äôs Triple Crown win brings us together to admire an uncommonly gifted horse https://t.co/4nIf9mv4Wz,0.7845,0.347,0.653,0.0,85
@FoxNews,Sun Jun 10 00:00:24 +0000 2018,"Earlier, President @realDonaldTrump accused Canadian Prime Minister @JustinTrudeau of making ""false statements"" at‚Ä¶ https://t.co/oUPeNM1BJv",-0.296,0.0,0.855,0.145,86
@FoxNews,Sat Jun 09 23:54:29 +0000 2018,.@VP reassures family of Otto Warmbier ahead of North Korea summit https://t.co/t0jwuWxjHx,0.3612,0.185,0.815,0.0,87
@FoxNews,Sat Jun 09 23:32:44 +0000 2018,.@replouiegohmert: ‚ÄúRobert Mueller has done more damage during his 12 years as FBI director than‚Ä¶ probably all the‚Ä¶ https://t.co/u1rce2rGvi,-0.5413,0.0,0.837,0.163,88
@FoxNews,Sat Jun 09 23:03:37 +0000 2018,"Nile Gardiner: ""You have protectionist tariffs on both sides of the Atlantic, from the United States but also from‚Ä¶ https://t.co/5TM7aYOQhS",0.2263,0.091,0.909,0.0,89
@FoxNews,Sat Jun 09 22:56:42 +0000 2018,"BREAKING: Justify wins the Belmont Stakes, earning the coveted Triple Crown https://t.co/EEHEgMVywm https://t.co/vjiT9IgcDg",0.5719,0.236,0.764,0.0,90
@FoxNews,Sat Jun 09 22:52:49 +0000 2018,"Nile Gardiner on tariff tensions: ""You have all the makings right now for a trade war."" https://t.co/iAdue9Nmav https://t.co/l3NIirukYK",-0.4019,0.0,0.856,0.144,91
@FoxNews,Sat Jun 09 22:48:34 +0000 2018,Taliban announce cease-fire over Eid holiday for 1st time https://t.co/LCHkJcQMW3,0.4019,0.231,0.769,0.0,92
@FoxNews,Sat Jun 09 22:38:46 +0000 2018,".@VP on Otto Warmbier: ""Today I assured his dad as [@POTUS] said two days ago, their beloved son Otto Warmbier will‚Ä¶ https://t.co/ZWPmRWK0Fj",0.7003,0.234,0.766,0.0,93
@FoxNews,Sat Jun 09 22:37:22 +0000 2018,".@VP on North Korea summit: ""So America, let's pray for [@POTUS] and let's pray for peace for the Korean people and‚Ä¶ https://t.co/ODJl1K4kfh",0.8238,0.312,0.688,0.0,94
@FoxNews,Sat Jun 09 22:35:24 +0000 2018,".@VP on North Korea summit: ""We will not repeat the mistakes of the past."" https://t.co/vkdzKjHLD1",0.2755,0.131,0.869,0.0,95
@FoxNews,Sat Jun 09 22:33:28 +0000 2018,".@VP: ""As President @realDonaldTrump embarks on this historic quest for peace, I can assure you that he also goes w‚Ä¶ https://t.co/0kzlNxMy53",0.7096,0.247,0.753,0.0,96
@FoxNews,Sat Jun 09 22:31:23 +0000 2018,".@VP on Singapore summit: ""After years of failed policies and broken promises last year, President @realDonaldTrump‚Ä¶ https://t.co/M1kPHystbo",-0.5859,0.113,0.609,0.278,97
@FoxNews,Sat Jun 09 22:31:09 +0000 2018,".@VP on North Korea summit: ""Our president is going into this summit with his eyes wide open."" https://t.co/wOy8M4d88p",0.0,0.0,1.0,0.0,98
@FoxNews,Sat Jun 09 22:29:49 +0000 2018,".@VP on North Korea summit: ""The truth is, [@realDonaldTrump] has been preparing for this his whole life."" https://t.co/xe4EOjiKsK",0.3182,0.119,0.881,0.0,99
@FoxNews,Sat Jun 09 22:25:05 +0000 2018,".@VP: ""[@POTUS] spent the last two days at the G7 summit in Canada putting America first."" https://t.co/tWO4i7PqEx",0.0,0.0,1.0,0.0,100
@nytimes,Sun Jun 10 07:03:02 +0000 2018,"In interviews with hotel and restaurant employees and with local officials in Kaysersberg, a portrait of Anthony Bo‚Ä¶ https://t.co/zEdIbVYJax",0.0,0.0,1.0,0.0,1
@nytimes,Sun Jun 10 06:40:29 +0000 2018,"A survey of 300 affluent Americans found that money can, in fact, buy happiness ‚Äî but often with a side of regret https://t.co/3t0WUqPTc2",-0.34,0.096,0.75,0.154,2
@nytimes,Sun Jun 10 06:24:13 +0000 2018,"Even though the 7-Minute Workout sounds easy, it can be really, really hard for some of us to complete. 

Here‚Äôs ho‚Ä¶ https://t.co/2vhE4uWygh",0.2332,0.117,0.804,0.079,3
@nytimes,Sun Jun 10 06:07:51 +0000 2018,"RT @NYTSports: After losing to Simona Halep in the French Open final, Sloane Stephens helped her celebrate.  ‚ÄúYeah, show the world your tro‚Ä¶",0.2732,0.136,0.769,0.095,4
@nytimes,Sun Jun 10 05:51:29 +0000 2018,The New York Times obituary for Anthony Bourdain https://t.co/etJOUoKiSM,0.0,0.0,1.0,0.0,5
@nytimes,Sun Jun 10 05:35:04 +0000 2018,Why Guatemala‚Äôs volcano has been more deadly than Hawaii‚Äôs https://t.co/J1Frm5ln3D,0.0,0.0,1.0,0.0,6
@nytimes,Sun Jun 10 05:20:23 +0000 2018,Corruption Gutted South Africa‚Äôs Tax Agency. Now the Nation Is Paying the Price. https://t.co/GlvVlgsvtd,0.0,0.0,1.0,0.0,7
@nytimes,Sun Jun 10 05:15:19 +0000 2018,"""I think it is a wonderful thing that poets are now sharing their work online because work gets into the hands of p‚Ä¶ https://t.co/Ldy8Vh0KsL",0.7579,0.236,0.764,0.0,8
@nytimes,Sun Jun 10 04:58:15 +0000 2018,"Giant salamander farms in China ""are driving the extinction of most of the species by homogenizing them"" https://t.co/eEy6DiGGuI",0.0,0.0,1.0,0.0,9
@nytimes,Sun Jun 10 04:41:54 +0000 2018,"Rachel Cusk's novels describe what it‚Äôs like to walk through the world, trailing ashes behind you https://t.co/Sp8zGqhiZl",0.3612,0.135,0.865,0.0,10
@nytimes,Sun Jun 10 04:27:30 +0000 2018,"Maria Bueno, Brazilian Tennis Star Who Reigned Over 1960s, Dies at 78 https://t.co/MMw1aJOrMP",0.0,0.0,1.0,0.0,11
@nytimes,Sun Jun 10 04:25:03 +0000 2018,"President Macron of France said the trade debates at the G-7 summit were ""sometimes quite heated."" Asked who won th‚Ä¶ https://t.co/Yj0GGivEtE",0.5719,0.156,0.844,0.0,12
@nytimes,Sun Jun 10 04:01:25 +0000 2018,"For 6 straight World Cups, Mexico has cheered its heroes through the first round only to see them crash out in the‚Ä¶ https://t.co/7vw3Pe4luh",0.7003,0.291,0.616,0.092,13
@nytimes,Sun Jun 10 03:44:04 +0000 2018,"What is the trade deficit? It‚Äôs not a scorecard, and reducing it won‚Äôt necessarily be good for jobs. https://t.co/cAGVGzbBU5",0.0516,0.134,0.741,0.125,14
@nytimes,Sun Jun 10 03:29:03 +0000 2018,"RT @nytlizrobbins: Pablo Villavicencio, arrested by ICE when delivering food to a Brooklyn Army base, gets a reprieve. Federal judge tempor‚Ä¶",-0.4767,0.0,0.853,0.147,15
@nytimes,Sun Jun 10 03:13:04 +0000 2018,Anthony Bourdain understood that eating was simply a way of taking the world inside you https://t.co/zIAk0RdfKm,0.0,0.0,1.0,0.0,16
@nytimes,Sun Jun 10 02:59:05 +0000 2018,"RT @peterbakernyt: With a petulant tweetstorm from Air Force One, Trump all but blew up the G-7 nations that the United States has led for‚Ä¶",0.5719,0.139,0.861,0.0,17
@nytimes,Sun Jun 10 02:50:25 +0000 2018,"On Horse Racing: At 52, Mike Smith Has the Ride of His Life https://t.co/QIESi0NjMT",0.0,0.0,1.0,0.0,18
@nytimes,Sun Jun 10 02:25:06 +0000 2018,RT @amyvirshup: Kris Kobach email in group of documents released in connection with census lawsuit says he talked to Wilbur Ross about citi‚Ä¶,-0.2263,0.0,0.921,0.079,19
@nytimes,Sun Jun 10 02:15:35 +0000 2018,"Before leaving the annual meeting of major world powers, President Trump said that on a scale of 0 to 10, ""the rela‚Ä¶ https://t.co/5dSqlZmSHy",0.0,0.0,1.0,0.0,20
@nytimes,Sun Jun 10 02:05:49 +0000 2018,Documents Show Political Lobbying in Census Question About Citizenship https://t.co/41VoR04bNy,-0.0772,0.0,0.874,0.126,21
@nytimes,Sun Jun 10 02:03:04 +0000 2018,"Venomous stonefish are ugly, and they're poisonous. And now scientists have discovered that they carry switchblades. https://t.co/YsJ7HkazJa",-0.7906,0.0,0.682,0.318,22
@nytimes,Sun Jun 10 01:56:53 +0000 2018,"Trudeau‚Äôs office responded to Trump's tweets with a statement: ""We are focused on everything we accomplished here a‚Ä¶ https://t.co/wQERlgpNnJ",0.6705,0.256,0.744,0.0,23
@nytimes,Sun Jun 10 01:47:24 +0000 2018,"The ice over Manhattan would have buried even the tallest skyscraper. As it melted, giant boulders embedded deep wi‚Ä¶ https://t.co/ulWgedMV5w",0.0,0.0,1.0,0.0,24
@nytimes,Sun Jun 10 01:35:50 +0000 2018,"Trudeau sought to play down personal clashes with Trump as he wrapped up the G-7 summit, saying he leaves ‚Äúinspired‚Ä¶ https://t.co/gY0bzq4klo",0.34,0.107,0.893,0.0,25
@nytimes,Sun Jun 10 01:30:41 +0000 2018,Nick Cave Wants You to Work It Out on the Dance Floor https://t.co/GMPPrGqLh7,0.0,0.0,1.0,0.0,26
@nytimes,Sun Jun 10 01:18:36 +0000 2018,"Janelle Mon√°e brings a pair of big fuzzy socks on the road. ""I like to moonwalk when I‚Äôm on the tour bus. It‚Äôs my f‚Ä¶ https://t.co/jbf5ZtCzC8",0.3612,0.094,0.906,0.0,27
@nytimes,Sun Jun 10 01:03:05 +0000 2018,"RT @kimseverson: Here's a sketch of Bourdain‚Äôs last couple of days in the medieval village where he died, from @MilanSchreuer of the @nytim‚Ä¶",-0.5574,0.0,0.854,0.146,28
@nytimes,Sun Jun 10 00:04:46 +0000 2018,Judge Stops Deportation of a New York Pizza Delivery Man https://t.co/HvmhAiLkvU,-0.1531,0.0,0.849,0.151,29
@nytimes,Sat Jun 09 23:43:28 +0000 2018,RT @nytimestravel: This year would have been Leonard Bernstein's 100th birthday. Celebrate his rich musical legacy at these events around t‚Ä¶,0.8074,0.278,0.722,0.0,30
@nytimes,Sat Jun 09 23:43:02 +0000 2018,"Breaking News: President Trump upended two days of diplomacy, refusing to sign a Group of 7 statement and calling P‚Ä¶ https://t.co/Y0hQKylGpt",-0.4019,0.0,0.87,0.13,31
@nytimes,Sat Jun 09 23:25:30 +0000 2018,I Have Post-Brokeness Stress Disorder https://t.co/DzbNcVsanm,-0.6705,0.0,0.353,0.647,32
@nytimes,Sat Jun 09 23:11:56 +0000 2018,The powerful conservative donor couple you‚Äôve never heard of: Liz and Dick Uihlein are spending millions to shape a‚Ä¶ https://t.co/X4PKGfkCQc,-0.128,0.116,0.747,0.137,33
@nytimes,Sat Jun 09 22:53:56 +0000 2018,"Breaking News: Justify won the Belmont Stakes to become the 13th Triple Crown champion, the second in 4 years https://t.co/hm0DyHs93a",0.8225,0.309,0.691,0.0,34
@nytimes,Sat Jun 09 22:53:01 +0000 2018,"""This has been a very slim Broadway season."" What NYT's theater critics had to say about the Tony Awards nomination‚Ä¶ https://t.co/4LbGoj8MbY",0.2023,0.129,0.776,0.095,35
@nytimes,Sat Jun 09 22:36:48 +0000 2018,"What to watch, what to read and what to listen to by and about Anthony Bourdain https://t.co/xKVpypbD5i",0.0,0.0,1.0,0.0,36
@nytimes,Sat Jun 09 22:20:02 +0000 2018,"She went out for a walk with her dogs. Then she went missing. Hours later, officials found human remains inside of‚Ä¶ https://t.co/wMhCiG236J",-0.296,0.0,0.901,0.099,37
@nytimes,Sat Jun 09 22:10:05 +0000 2018,"Justify will attempt to become the 13th Triple Crown winner, and first since American Pharoah in 2015, in the Belmo‚Ä¶ https://t.co/oSk73TTFVu",0.5859,0.16,0.84,0.0,38
@nytimes,Sat Jun 09 22:00:09 +0000 2018,"New parks are cropping up across the city, many courtesy of new apartment complexes, but you won‚Äôt need to have a p‚Ä¶ https://t.co/NW2yo2cQ4L",0.1901,0.077,0.923,0.0,39
@nytimes,Sat Jun 09 21:45:04 +0000 2018,"These sweet, lemony rolls are a fresh alternative to classic cinnamon rolls https://t.co/prmvr6p22Z",0.6486,0.346,0.654,0.0,40
@nytimes,Sat Jun 09 21:30:11 +0000 2018,"In @NYTOpinion

Sarah Jackson writes, ""Anthony Bourdain was not just curious about food and the world. He was aware‚Ä¶ https://t.co/5hEzlnvRuR",-0.2411,0.0,0.906,0.094,41
@nytimes,Sat Jun 09 21:15:06 +0000 2018,Anthony Bourdain understood that eating was simply a way of taking the world inside you https://t.co/MFUCcrSnln,0.0,0.0,1.0,0.0,42
@nytimes,Sat Jun 09 21:00:09 +0000 2018,"A salmonella outbreak has been linked to melons sold at Trader Joe's, Costco, Walgreens and other stores in 8 states https://t.co/OelPlvpK5c",0.0,0.0,1.0,0.0,43
@nytimes,Sat Jun 09 20:45:08 +0000 2018,"With American presidential races requiring an ever-dizzying amount of money, a behind-the-scenes 2020 contest is al‚Ä¶ https://t.co/tHOnZLcUXg",0.0,0.0,1.0,0.0,44
@nytimes,Sat Jun 09 20:37:06 +0000 2018,"RT @NYTNational: ‚ö°Ô∏è ‚ÄúAudio Series: ‚ÄãCharm City‚Äù

https://t.co/wY7o7Opy3u",0.0,0.0,1.0,0.0,45
@nytimes,Sat Jun 09 20:30:05 +0000 2018,"Surveillance cameras are an inescapable fixture of the modern city. But in Newark, the police have taken an extraor‚Ä¶ https://t.co/lzw2Eo7eCH",0.0,0.0,1.0,0.0,46
@nytimes,Sat Jun 09 20:15:09 +0000 2018,We demolish the lame excuses British executives gave for the lack of women on corporate boards. Read the latest Gen‚Ä¶ https://t.co/jhJiWjGPGd,-0.6249,0.0,0.788,0.212,47
@nytimes,Sat Jun 09 20:00:07 +0000 2018,"With Kyrie Irving's popularity has come controversy: He has questioned several times whether the Earth is round, an‚Ä¶ https://t.co/XuXD1Q2qPy",0.4019,0.144,0.791,0.065,48
@nytimes,Sat Jun 09 19:45:02 +0000 2018,"In @NYTOpinion 

Daniel Patterson writes, ""No matter how famous and seemingly unapproachable he became in the world‚Ä¶ https://t.co/BQnrKYPvyI",-0.2732,0.057,0.829,0.114,49
@nytimes,Sat Jun 09 19:30:10 +0000 2018,Gun ranges and gun shops in several states have declared themselves ‚ÄúMuslim-free zones.‚Äù Several Muslim gun owners‚Ä¶ https://t.co/GOwpHFkLks,-0.7351,0.0,0.676,0.324,50
@nytimes,Sat Jun 09 19:15:07 +0000 2018,"In @NYTOpinion 

Musa Okwonga writes, ""Here we are again on the eve of the planet‚Äôs greatest traveling festival: Ye‚Ä¶ https://t.co/nBxJnGwvsF",0.8126,0.291,0.709,0.0,51
@nytimes,Sat Jun 09 19:00:09 +0000 2018,Have questions about the Belmont Stakes and the Triple Crown? We have your answers. https://t.co/GPu2uPlTRV,0.0,0.0,1.0,0.0,52
@nytimes,Sat Jun 09 18:45:05 +0000 2018,‚ÄúI talk back to people when they say something about me now because I know even with my condition that I am beautif‚Ä¶ https://t.co/TJmesUhGTL,0.0,0.0,1.0,0.0,53
@nytimes,Sat Jun 09 18:30:14 +0000 2018,Science is taking a back seat in policymaking across the Trump administration. The North Korea nuclear talks offer‚Ä¶ https://t.co/hauZtxGqq5,0.0,0.0,1.0,0.0,54
@nytimes,Sat Jun 09 18:15:08 +0000 2018,"In his own unorthodox way, Trump has been preparing for this encounter with Kim Jong-Un his entire adult life https://t.co/VlXkCmqssL",0.0,0.0,1.0,0.0,55
@nytimes,Sat Jun 09 18:00:05 +0000 2018,"With his America First agenda, Trump has driven a wedge between the U.S. and its allies, ceding leadership and its‚Ä¶ https://t.co/sfyYD4o3hM",0.0,0.0,1.0,0.0,56
@nytimes,Sat Jun 09 17:50:07 +0000 2018,"RT @TheSteinLine: All the tales ‚Äî legacy, free agency, injury ‚Äî from what might (or might not) have been LeBron James‚Äô last night as a Clev‚Ä¶",0.128,0.122,0.775,0.103,57
@nytimes,Sat Jun 09 17:40:03 +0000 2018,California has dug in at the front lines of the resistance to President Trump. And then there is Orange County. https://t.co/BSVW14kSmd,0.0,0.0,1.0,0.0,58
@nytimes,Sat Jun 09 17:25:03 +0000 2018,"What to watch, what to read and what to listen to by and about Anthony Bourdain https://t.co/TR5noBS7Ee",0.0,0.0,1.0,0.0,59
@nytimes,Sat Jun 09 17:10:03 +0000 2018,"Who‚Äôs right, Elon Musk or Mark Zuckerberg? Is supersmart artificial intelligence a potential threat to humans, or a‚Ä¶ https://t.co/8zay2rbSEG",-0.0772,0.138,0.711,0.151,60
@nytimes,Sat Jun 09 17:00:23 +0000 2018,"RT @stanfordc: I‚Äôm proud to say that there has never been a swimsuit portion of the news quiz 
https://t.co/e1Z8wlhYvy https://t.co/4YJ7UrG‚Ä¶",0.4767,0.147,0.853,0.0,61
@nytimes,Sat Jun 09 16:45:09 +0000 2018,"30 billion gallons of Hawaiian lava, as seen from the ground and space https://t.co/vz9qQOCYS9",0.0,0.0,1.0,0.0,62
@nytimes,Sat Jun 09 16:30:07 +0000 2018,She wanted to celebrate their marriage in lavish style. He had something less lofty in mind. A lovers‚Äô battle ensue‚Ä¶ https://t.co/RnvIaxRtRP,0.2732,0.152,0.741,0.107,63
@nytimes,Sat Jun 09 16:15:02 +0000 2018,"Anthony Bourdain's sudden death at Le Chambard, a hotel in the village of Kaysersberg in northeastern France, sent‚Ä¶ https://t.co/V5gRoZKGQN",-0.5994,0.0,0.813,0.187,64
@nytimes,Sat Jun 09 16:01:00 +0000 2018,"@jimdwyernyt ""The supply of excellent schools cannot meet the demands of capable students, whatever their backgroun‚Ä¶ https://t.co/KF39XvdUjJ",0.743,0.296,0.704,0.0,65
@nytimes,Sat Jun 09 15:58:00 +0000 2018,"@jimdwyernyt The specialized schools are far from bastions of privilege, dominated by immigrants or the children of‚Ä¶ https://t.co/DWOoiPghSz",0.3612,0.128,0.872,0.0,66
@nytimes,Sat Jun 09 15:55:03 +0000 2018,"In New York‚Äôs ragged history of race, class, privilege and equity, the city‚Äôs specialized high schools have long be‚Ä¶ https://t.co/HL2yw2JmHz",0.3612,0.116,0.884,0.0,67
@nytimes,Sat Jun 09 15:41:58 +0000 2018,Breaking News: President Trump threatened to end trade with G-7 nations that he said use unfair practices. ‚ÄúWe‚Äôre l‚Ä¶ https://t.co/uI5rOmZ76O,-0.7269,0.0,0.747,0.253,68
@nytimes,Sat Jun 09 15:32:50 +0000 2018,"Flaky mounds of quick bread, golden brown, with a significant crumb https://t.co/wbMRgvySpY",0.2023,0.153,0.847,0.0,69
@nytimes,Sat Jun 09 15:16:31 +0000 2018,Breaking News: Simona Halep of Romania beat Sloane Stephens to win the French Open. It was the first Grand Slam tit‚Ä¶ https://t.co/3sFwWkJ353,0.6369,0.239,0.669,0.092,70
@nytimes,Sat Jun 09 15:05:06 +0000 2018,Her $1 million gift left educators asking: How was one teacher able to save so much money?https://t.co/Vv8fhgbwWA,0.7269,0.289,0.711,0.0,71
@nytimes,Sat Jun 09 14:51:21 +0000 2018,"If you or someone else you know is having thoughts of suicide, call the National Suicide Prevention Lifeline at 1-8‚Ä¶ https://t.co/5kOUYV8c3u",-0.875,0.0,0.679,0.321,72
@nytimes,Sat Jun 09 14:50:03 +0000 2018,New federal data shows that suicide rates have been increasing for years in almost every state and across demograph‚Ä¶ https://t.co/g6znmjYQl5,-0.6705,0.0,0.809,0.191,73
@nytimes,Sat Jun 09 14:37:50 +0000 2018,"After failing to repeal the Affordable Care Act, the Trump administration is seizing on a different strategy for di‚Ä¶ https://t.co/Low8zwBsVL",-0.0258,0.136,0.723,0.14,74
@nytimes,Sat Jun 09 14:36:39 +0000 2018,"Our experts weighed in on the contenders, including the Triple Crown hopeful Justify, for the 150th Belmont Stakes https://t.co/xi9TIoAxWb",0.5106,0.155,0.845,0.0,75
@nytimes,Sat Jun 09 14:20:07 +0000 2018,"RT @NYTMetro: ‚ÄúThis is the deportation machine in full effect, and everyone should wake up to how American citizens and their families are‚Ä¶",0.0,0.0,1.0,0.0,76
@nytimes,Sat Jun 09 14:02:25 +0000 2018,"RT @caityweaver: The strangest and best recommendation I will ever make to you is: Listen to the same 4 podcast appearances by ""Sex and the‚Ä¶",0.6369,0.16,0.84,0.0,77
@nytimes,Sat Jun 09 13:43:12 +0000 2018,Pope Tells Oil Executives to Act on Climate: ‚ÄòThere Is No Time to Lose‚Äô https://t.co/jpXdOMmBOf,-0.296,0.0,0.864,0.136,78
@nytimes,Sat Jun 09 13:38:05 +0000 2018,Elizabeth Warren and a Scholarly Debate Over Medical Bankruptcy That Won‚Äôt Go Away https://t.co/mbz6wvuSUO,0.0,0.0,1.0,0.0,79
@nytimes,Sat Jun 09 13:26:45 +0000 2018,RT @NYTStyles: Parties! https://t.co/MdgG2e1xjI,0.4574,0.499,0.501,0.0,80
@nytimes,Sat Jun 09 13:06:58 +0000 2018,"RT @nytimesbusiness: ""Wealth was about being able to create the change you wish to see in the world.‚Äù https://t.co/KoQCO5Iy1y",0.7906,0.333,0.667,0.0,81
@nytimes,Sat Jun 09 12:50:47 +0000 2018,An exhibition in London examines the feelings people harbor about their teeth. Here's a look at some of the most cu‚Ä¶ https://t.co/KRz76xwrXq,0.0,0.0,1.0,0.0,82
@nytimes,Sat Jun 09 12:33:02 +0000 2018,RT @NYTSports: Need a winner for the Belmont Stakes? @MHoppertNYT and @joedrape have you covered: https://t.co/44joWHhuTm,0.5859,0.213,0.787,0.0,83
@nytimes,Sat Jun 09 12:32:42 +0000 2018,Why Cities Can‚Äôt Stop Poaching From One Another https://t.co/X1SeTjbqKs,-0.296,0.0,0.784,0.216,84
@nytimes,Sat Jun 09 12:17:32 +0000 2018,RT @nytimesworld: Austrian officials have ordered seven mosques to close and may refuse dozens of imams the right to reside in the country‚Ä¶,-0.296,0.0,0.909,0.091,85
@nytimes,Sat Jun 09 12:00:08 +0000 2018,RT @nytrealestate: A quick guide to what you need to get your first apartment in New York City https://t.co/NQYV03Xkyn,0.0,0.0,1.0,0.0,86
@nytimes,Sat Jun 09 11:49:08 +0000 2018,Men‚Äôs Fashion Week Loses Some Luster https://t.co/TCj0nbeFMj,-0.3182,0.0,0.723,0.277,87
@nytimes,Sat Jun 09 11:41:16 +0000 2018,"Inside New York‚Äôs dollar van wars: strict regulations, low margins and a constant fight with rogue van drivers https://t.co/kiAEpdxkgV",-0.8074,0.0,0.644,0.356,88
@nytimes,Sat Jun 09 11:23:34 +0000 2018,"RT @NYTMetro: On the stoop that was his perch, a requiem for the mayor of West 83rd Street, in Manhattan. https://t.co/qRN1VlPo1t",0.0,0.0,1.0,0.0,89
@nytimes,Sat Jun 09 11:07:18 +0000 2018,"Charlotte Fox, 61, Trailblazing Alpinist and Everest Survivor, Dies https://t.co/nM5gpQdLhB",0.3612,0.217,0.783,0.0,90
@nytimes,Sat Jun 09 11:05:12 +0000 2018,A Good Appetite: Chicken Milanese Has Its Moment https://t.co/Rhco2hq6mS,0.4404,0.293,0.707,0.0,91
@nytimes,Sat Jun 09 11:03:06 +0000 2018,The New York Times obituary for Anthony Bourdain https://t.co/D697EnEWQX,0.0,0.0,1.0,0.0,92
@nytimes,Sat Jun 09 10:35:35 +0000 2018,RT @NYTmag: 24 hours. 23 photographers. One city. One topic: Love. Watch the making of this issue https://t.co/s2uND5xgVs and see the full‚Ä¶,0.6369,0.167,0.833,0.0,93
@nytimes,Sat Jun 09 10:18:25 +0000 2018,The recent volcanic eruptions in Hawaii and Guatemala are a reminder that not all volcanoes are created equal https://t.co/M7sNdtwIzJ,0.25,0.105,0.895,0.0,94
@nytimes,Sat Jun 09 10:00:17 +0000 2018,"For the 3rd time in 4 seasons, and for the 2nd year in a row, the Golden State Warriors are NBA champions https://t.co/r7NgjH0nbf",0.5267,0.145,0.855,0.0,95
@nytimes,Sat Jun 09 09:41:41 +0000 2018,"RT @nytimestech: The Chinese electronics maker ZTE has survived its brush with death. Now, it has to figure out how to stay in business. He‚Ä¶",-0.1531,0.109,0.762,0.129,96
@nytimes,Sat Jun 09 09:24:47 +0000 2018,"RT @nytrealestate: You may like the contractor, but does the contractor like you back? https://t.co/kPShW4JONu",0.6124,0.278,0.722,0.0,97
@nytimes,Sat Jun 09 09:07:20 +0000 2018,"RT @NYTmag: On a rainy Saturday morning on May 19, @philip_nyc captured love in the middle of Times Square. See more from our #NYTLoveCity‚Ä¶",0.5994,0.158,0.792,0.049,98
@nytimes,Sat Jun 09 08:50:10 +0000 2018,How I Used Art to Get Through Trauma https://t.co/7N5fzAxLoe,-0.4215,0.0,0.714,0.286,99
@nytimes,Sat Jun 09 08:42:33 +0000 2018,"The NYT review of ""Ocean's 8"" https://t.co/flFaRzpyzr",0.0,0.0,1.0,0.0,100
